快照日期,board_code,一级行业,二级行业,三级行业,当前排名,当前涨跌幅,今开,最高,最低,现价,振幅,换手率,成交额_亿元,昨日排名,昨日涨跌幅,排名较昨日改善,含今日5日涨跌幅,含今日10日涨跌幅,截至昨日20日涨跌幅,截至昨日60日涨跌幅,当前较60日峰值回撤,6月行情涨跌幅,7月至当前涨跌幅,轮动档位,原始轮动标签,轮动得分,两周涨跌幅,B周涨跌幅,近后半段排名分位,量能后半段前半段比,科技口径
2026-07-17,BK1565,社会服务,专业服务,会展服务,1,5.3100,1047.4600,1103.1500,1047.4600,1082.2900,5.4200,2.1900,2.3315,1,7.2100,0,12.8559,7.8062,1.3526,-2.0702,0.0000,-3.4055,12.6135,上升轮动,新晋活跃,24.6000,2.3703,7.1654,0.4374,0.9144,非核心科技
2026-07-17,BK1373,公用事业,电力,电能综合服务,2,4.3200,3048.7800,3201.1400,3046.9900,3192.1500,5.0400,1.7700,32.6896,12,2.1000,10,9.9930,4.6462,-11.6322,-14.7898,-20.0935,-24.3338,5.9628,上升轮动,新晋活跃,21.4000,0.3127,5.4380,0.2303,0.8141,非核心科技
2026-07-17,BK1380,公用事业,电力,水力发电,3,3.9100,3771.9100,3950.0900,3765.1200,3939.5100,4.8800,0.6900,73.0468,98,0.8700,95,8.5760,6.1226,-4.8507,-4.5717,-11.6869,-18.8243,10.6196,普通轮动,普通轮动,16.0000,2.1293,4.4904,0.3157,1.0522,非核心科技
2026-07-17,BK1377,公用事业,电力,火力发电,4,3.4600,2284.2200,2378.2700,2283.3300,2371.5900,4.1400,1.7700,173.8578,94,0.8900,90,5.1282,-1.5587,-18.6303,-2.7457,-25.3926,-22.4565,-1.4970,普通轮动,普通轮动,4.8000,-4.8509,1.6124,0.4018,0.7920,非核心科技
2026-07-17,BK1434,基础化工,农化制品,钾肥,5,2.3800,2070.8900,2142.8700,2070.8900,2130.6900,3.4600,1.0800,29.0203,72,1.0900,67,4.2784,-2.1485,-10.0834,-24.7748,-27.8226,-12.8440,-0.0938,普通轮动,普通轮动,24.2000,-4.4233,1.8543,0.3929,0.6031,非核心科技
2026-07-17,BK1374,公用事业,电力,风力发电,6,2.3600,1853.7400,1910.7700,1852.7800,1907.2900,3.1100,1.2000,48.9941,39,1.3900,33,5.3458,-2.7175,-6.8413,-13.4303,-20.2389,-23.7878,6.7427,上升轮动,新晋活跃,18.5000,-4.9604,2.9169,0.3318,0.5063,非核心科技
2026-07-17,BK1376,公用事业,电力,核力发电,7,2.0900,597.6700,611.3100,596.4100,609.3700,2.5000,0.2900,11.3687,23,1.6400,16,5.1916,4.3405,-4.6102,-3.7031,-7.8831,-8.0282,2.7798,上升轮动,新晋活跃,25.4000,2.2044,3.0381,0.4030,0.8204,非核心科技
2026-07-17,BK1432,基础化工,农化制品,氮肥,8,2.0500,1722.3100,1781.9100,1720.4000,1756.4700,3.5700,3.0700,16.2225,3,3.4500,-5,11.6155,8.5964,3.6040,-19.4389,-25.2248,-14.9710,13.9595,上升轮动,上升轮动,52.1000,6.4148,9.3734,0.1769,0.8952,非核心科技
2026-07-17,BK1375,公用事业,电力,光伏发电,9,1.9700,2979.1300,3064.1800,2979.1300,3049.1500,2.8400,2.5800,28.1001,75,1.0600,66,0.7921,-5.7146,-16.2008,-26.2166,-32.3357,-19.7459,-6.7742,普通轮动,普通轮动,-2.1000,-7.5362,-1.1551,0.5074,0.8493,非核心科技
2026-07-17,BK1612,银行,银行Ⅱ,农商行Ⅲ,10,1.7400,453.5900,462.0200,453.3800,461.0000,1.9100,0.8200,15.5721,42,1.3600,32,8.5527,9.8573,2.2199,-4.1130,-5.0729,-8.8519,12.6836,持续主线,持续主线,54.1000,7.9785,6.6962,0.3359,1.0374,非核心科技
2026-07-17,BK1417,基础化工,化学原料,纯碱,11,1.6700,902.8700,925.2600,901.6300,919.0100,2.6100,1.6300,6.6691,10,2.2100,-1,6.9809,0.7223,-5.5485,-23.0331,-25.6283,-13.6998,5.3743,上升轮动,上升轮动,40.5000,-0.9322,5.2237,0.2866,0.8299,非核心科技
2026-07-17,BK1483,交通运输,铁路公路,高速公路,12,1.4400,2651.4900,2690.7300,2651.4900,2683.6500,1.4800,0.5000,11.4045,32,1.4600,20,5.8271,7.3205,3.2972,-1.5738,-2.4606,-10.7699,10.3945,持续主线,持续主线,48.7000,5.7971,4.3248,0.3549,1.0463,非核心科技
2026-07-17,BK1481,交通运输,航运港口,港口,13,1.3800,1536.4200,1562.0700,1535.6500,1558.3100,1.7200,0.3300,14.2422,56,1.2000,43,7.7875,8.1329,1.0854,-6.8050,-8.8140,-12.4204,10.9326,持续主线,持续主线,51.4000,6.6610,6.3203,0.2730,0.9559,非核心科技
2026-07-17,BK1424,基础化工,化学制品,氟化工,14,1.3500,13341.2300,13849.7200,13277.0000,13542.5500,4.2900,2.8000,77.4669,98,0.8700,84,-7.9792,-26.4129,-12.3322,4.7041,-26.4129,23.3279,-16.0840,普通轮动,普通轮动,-3.8000,-27.3931,-9.2049,0.7050,0.4814,非核心科技
2026-07-17,BK1569,石油石化,炼化及贸易,炼油化工,15,1.3300,3196.3100,3243.5500,3186.7100,3230.8600,1.7800,0.1900,45.9259,36,1.4200,21,4.3498,2.4731,-0.4226,-12.2726,-16.8951,-7.9171,7.6723,上升轮动,新晋活跃,37.7000,1.1281,2.9802,0.3834,0.8330,非核心科技
2026-07-17,BK1611,银行,银行Ⅱ,国有大型银行Ⅲ,16,1.2900,3041.8500,3089.6700,3041.1000,3085.0300,1.5900,0.1200,74.8013,76,1.0300,60,6.1025,9.0129,2.0519,1.4830,-1.5870,-3.0270,8.5541,强势板块,强势板块,37.0000,7.6246,4.7512,0.4415,0.9768,非核心科技
2026-07-17,BK1609,银行,银行Ⅱ,城商行Ⅲ,17,1.2400,1561.8800,1584.4700,1561.7900,1579.3700,1.4500,0.4800,45.0970,56,1.2000,39,7.8005,9.4982,2.1873,2.4280,-0.2306,-7.1561,12.4409,持续主线,持续主线,54.1000,8.1571,6.4802,0.3579,1.0529,非核心科技
2026-07-17,BK1475,建筑装饰,专业工程,国际工程,18,1.1900,2354.3500,2389.7300,2354.3500,2377.2600,1.5100,0.9000,4.4096,19,1.6900,1,3.5105,-5.1326,-23.3778,-29.8790,-30.4076,-14.4614,-5.7564,上升轮动,新晋活跃,20.8000,-6.2483,2.2933,0.3852,0.6433,非核心科技
2026-07-17,BK1379,公用事业,电力,热力服务,19,1.0900,2855.0700,2928.2300,2855.0400,2902.2300,2.5500,2.4000,26.8713,94,0.8900,75,2.4461,-3.9319,-10.1592,-12.5851,-21.5965,-17.7943,-1.9190,普通轮动,普通轮动,4.5000,-4.9677,1.3414,0.3887,0.6549,非核心科技
2026-07-17,BK1321,电力设备,其他电源设备Ⅱ,火电设备,20,0.9200,1470.6400,1523.8800,1457.1700,1493.6900,4.5100,2.4200,6.5606,254,-0.3100,234,6.8421,2.4775,-7.9026,-6.3978,-7.0553,4.6573,-1.0204,普通轮动,普通轮动,27.0000,1.5433,5.8681,0.3632,0.9827,非核心科技
2026-07-17,BK1378,公用事业,电力,其他能源发电,21,0.8800,1421.1100,1446.1300,1421.1100,1439.1200,1.7500,0.5400,0.5838,82,0.9800,61,3.2106,1.3090,-4.0497,-12.8580,-16.9592,-17.4925,2.7795,普通轮动,普通轮动,17.7000,0.4253,2.3103,0.3780,0.7826,非核心科技
2026-07-17,BK1587,通信,通信服务,电信运营商,22,0.8600,976.9000,989.4800,976.2300,987.5400,1.3500,0.1700,16.2246,104,0.8000,82,6.2667,7.8373,0.5136,-2.1069,-11.7041,-11.5362,10.6668,强势板块,强势板块,37.3000,6.9178,5.3606,0.3591,1.0835,核心科技
2026-07-17,BK1419,基础化工,化学原料,煤化工,23,0.7400,1678.7300,1724.4000,1676.3200,1689.3200,2.8700,1.7400,27.0604,6,2.6800,-17,11.8631,7.9512,4.2666,-20.0175,-24.1007,-15.2022,14.5096,持续主线,持续主线,68.7000,7.1582,11.0414,0.1074,1.3048,非核心科技
2026-07-17,BK1366,非银金融,证券Ⅱ,证券Ⅲ,24,0.6700,139986.4300,142180.4100,139552.6800,141292.2200,1.8700,0.8300,243.7755,169,0.4600,145,1.3531,0.1639,2.5209,-0.5583,-2.0845,2.6868,2.5429,普通轮动,普通轮动,22.9000,-0.5028,0.6786,0.4777,0.7359,非核心科技
2026-07-17,BK1452,家用电器,厨卫电器,卫浴电器,25,0.6400,1266.8400,1295.7500,1265.0000,1267.1300,2.4400,1.0800,1.3750,5,2.7600,-20,5.8056,2.7695,-0.9269,-22.5786,-22.6626,-13.5794,1.5827,上升轮动,新晋活跃,27.3000,2.1159,5.1328,0.2831,0.5292,非核心科技
2026-07-17,BK1494,煤炭,煤炭开采,焦煤,26,0.6200,1114.3600,1128.5900,1107.3900,1120.7100,1.9000,0.7800,13.2269,120,0.7200,94,8.0865,8.1038,-3.9363,0.1194,-17.0878,-17.9028,12.2423,上升轮动,上升轮动,47.3000,7.4377,7.4205,0.2914,0.7886,非核心科技
2026-07-17,BK1493,煤炭,煤炭开采,动力煤,27,0.6100,2226.4400,2255.5200,2214.2200,2240.3500,1.8500,0.6000,48.6761,132,0.6500,105,8.2736,8.8876,3.1375,3.5807,-13.0340,-14.2909,13.5698,持续主线,持续主线,57.2000,8.2274,7.6171,0.2938,0.8326,非核心科技
2026-07-17,BK1365,非银金融,多元金融,租赁,28,0.5900,2832.2700,2866.4500,2806.7300,2850.2200,2.1100,0.8800,5.9303,200,0.2100,172,2.8211,2.9380,-4.7939,-17.8542,-18.7486,-9.6255,6.2685,持续主线,持续主线,51.6000,2.3342,2.2180,0.3970,0.6567,非核心科技
2026-07-17,BK1482,交通运输,航运港口,航运,29,0.5500,1460.7400,1475.6500,1459.4400,1467.3200,1.1100,0.8200,40.9588,157,0.5200,128,4.8321,2.2264,-2.8153,-10.0100,-12.1380,-7.1018,5.2925,普通轮动,普通轮动,21.9000,1.6673,4.2587,0.3407,0.8215,非核心科技
2026-07-17,BK1359,非银金融,多元金融,金融控股,30,0.5000,1949.2800,1978.5500,1946.4100,1960.1200,1.6500,0.5400,11.9511,74,1.0700,44,3.8078,3.9300,-0.1537,-13.9867,-15.1794,-8.8109,7.5249,普通轮动,普通轮动,20.4000,3.4129,3.2914,0.3507,0.9225,非核心科技
2026-07-17,BK1347,纺织服饰,纺织制造,纺织鞋类制造,31,0.4900,381.7300,387.7300,380.3200,382.6700,1.9500,0.1500,0.5747,78,1.0200,47,6.2795,1.9733,2.2285,-24.5685,-24.7256,-12.9608,9.2557,普通轮动,普通轮动,33.5000,1.4760,5.7613,0.3626,0.9311,非核心科技
2026-07-17,BK1367,钢铁,普钢,板材,31,0.4900,791.1000,804.8900,791.0400,797.6600,1.7400,0.6200,24.0156,48,1.2800,17,7.6757,4.6096,-1.0149,-21.1191,-19.7047,-12.4981,7.0435,持续主线,持续主线,57.6000,4.0995,7.1507,0.1674,1.0338,非核心科技
2026-07-17,BK1610,银行,银行Ⅱ,股份制银行Ⅲ,33,0.4700,2289.4000,2314.5200,2288.1300,2300.2300,1.1500,0.2700,56.2214,108,0.7900,75,5.3049,7.2767,0.6978,-2.7440,-2.6782,-7.8772,9.9373,强势板块,强势板块,35.6000,6.7748,4.8122,0.4083,0.9490,非核心科技
2026-07-17,BK1480,交通运输,航空机场,机场,34,0.4400,1767.7800,1794.8600,1767.7800,1774.5300,1.5300,0.6100,6.0142,33,1.4400,-1,5.5863,4.1718,-0.4489,-11.7986,-11.8905,-9.7713,6.4211,上升轮动,上升轮动,43.2000,3.7155,5.1237,0.2801,1.0541,非核心科技
2026-07-17,BK1361,非银金融,多元金融,期货,35,0.4000,474.6400,480.4100,473.2400,477.2900,1.5100,0.6700,2.8399,108,0.7900,73,1.7797,-1.8310,-8.5569,-17.2743,-26.1300,-14.9780,-0.0072,普通轮动,普通轮动,4.7000,-2.2221,1.3742,0.4202,0.7548,非核心科技
2026-07-17,BK1433,基础化工,农化制品,复合肥,36,0.2600,2926.0000,2972.6000,2919.3000,2940.4900,1.8200,1.3300,6.5920,42,1.3600,6,3.7895,0.7405,-1.8334,-19.4980,-23.2622,-10.8302,3.6563,上升轮动,上升轮动,35.8000,0.4792,3.5204,0.3205,0.8771,非核心科技
2026-07-17,BK1515,农林牧渔,种植业,粮食种植,37,0.2500,856.8400,866.7400,855.2700,861.3700,1.3300,0.6500,2.0824,96,0.8800,59,2.6122,4.7984,-8.4509,-20.5894,-23.1354,-18.4232,8.5108,普通轮动,普通轮动,26.6000,4.5371,2.3563,0.4499,0.8092,非核心科技
2026-07-17,BK1358,非银金融,保险Ⅱ,保险Ⅲ,38,0.2400,1321.5300,1339.6900,1317.8100,1328.6400,1.6500,0.2300,61.3035,177,0.3900,139,5.9726,5.0270,2.9310,-4.7269,-5.9733,-5.2492,10.8608,普通轮动,普通轮动,31.7000,4.7755,5.7189,0.3436,1.0598,非核心科技
2026-07-17,BK1435,基础化工,农化制品,磷肥及磷化工,39,0.2300,2834.3600,2887.3400,2813.5700,2855.7700,2.5900,1.3700,23.4438,53,1.2300,14,-1.2258,-11.5412,-7.5531,-19.5455,-22.0002,3.2185,-9.6414,普通轮动,普通轮动,22.5000,-11.7442,-1.4524,0.4623,0.5993,非核心科技
2026-07-17,BK1363,非银金融,多元金融,信托,40,0.2200,1867.0700,1894.6800,1866.6200,1877.2000,1.5000,0.6100,3.0837,102,0.8400,62,5.0215,3.9874,-1.9830,-12.6698,-16.3561,-14.6143,6.0630,普通轮动,普通轮动,29.9000,3.7591,4.7910,0.3050,1.0981,非核心科技
2026-07-17,BK1574,石油石化,油气开采Ⅱ,油气开采Ⅲ,41,0.1400,3258.7600,3331.5700,3220.7200,3256.3200,3.4100,1.8200,16.6334,13,2.0700,-28,8.6231,12.8056,0.3912,-27.2279,-29.6445,-22.6844,17.2031,持续主线,持续主线,55.7000,12.6479,8.4712,0.3519,0.9891,非核心科技
2026-07-17,BK1479,交通运输,航空机场,航空运输,42,0.0800,1301.0600,1313.6400,1300.2300,1307.4000,1.0300,0.3500,12.8190,164,0.4800,122,-0.0176,-4.7801,-10.9915,-16.3562,-17.9788,-10.3887,-3.4684,普通轮动,普通轮动,6.3000,-4.8562,-0.0975,0.5223,0.6514,非核心科技
2026-07-17,BK1443,基础化工,橡胶,橡胶助剂,43,0.0300,4417.5500,4515.1000,4372.1800,4441.5400,3.2200,2.2600,11.4405,276,-0.6400,233,-21.2727,-28.0265,-9.1613,1.8118,-28.0265,44.6788,-23.1254,退潮,退潮,-19.6000,-28.0481,-21.2963,0.9371,0.6511,非核心科技
2026-07-17,BK1311,电力设备,电网设备,输变电设备,44,0.0100,3620.9500,3683.5600,3601.3100,3628.7300,2.2700,1.7900,72.1999,194,0.2400,150,-5.9469,-9.5010,-17.9299,-25.2116,-31.6549,-14.3114,-11.4430,普通轮动,普通轮动,-2.6000,-9.5101,-5.9563,0.7193,0.7596,非核心科技
2026-07-17,BK1580,食品饮料,食品加工,肉制品,45,-0.0200,2520.2200,2548.3200,2490.1300,2502.3900,2.3200,3.1200,14.2914,175,0.4000,130,6.7558,6.4651,4.3289,-18.8096,-18.2432,-9.3543,12.3845,强势板块,强势板块,31.8000,6.4864,6.7771,0.3507,0.9887,非核心科技
2026-07-17,BK1388,环保,环境治理,大气治理,46,-0.0400,2879.4500,2923.4300,2856.5200,2870.7000,2.3300,1.5100,2.1787,34,1.4300,-12,0.5349,-6.8297,-17.5751,-28.6805,-36.1395,-24.8354,-0.8586,上升轮动,新晋活跃,21.3000,-6.7924,0.5752,0.4368,0.8241,非核心科技
2026-07-17,BK1523,汽车,汽车服务,汽车经销商,47,-0.0600,1320.4300,1344.4900,1315.8800,1322.3300,2.1600,0.7100,1.3302,51,1.2500,4,4.8003,5.0866,-1.4393,-15.0266,-17.1145,-14.7716,8.1235,强势板块,强势板块,36.4000,5.1497,4.8632,0.2688,0.9635,非核心科技
2026-07-17,BK1372,钢铁,冶钢原料,冶钢辅料,48,-0.0700,5834.0300,5866.2900,5814.4200,5849.8300,0.8900,0.4800,3.4384,223,-0.0100,175,2.3775,-7.4945,-9.0493,-12.9011,-17.7271,-1.2340,-4.3300,普通轮动,普通轮动,18.1000,-7.4297,2.4492,0.4142,0.4415,非核心科技
2026-07-17,BK1381,公用事业,燃气Ⅱ,燃气Ⅲ,48,-0.0700,1796.0700,1824.4700,1791.8300,1798.0000,1.8100,1.3200,43.1315,55,1.2200,7,4.2473,2.4597,-3.3697,-8.0254,-14.5967,-13.0572,6.2250,普通轮动,普通轮动,20.8000,2.5315,4.3204,0.3591,1.2422,非核心科技
2026-07-17,BK1418,基础化工,化学原料,氯碱,48,-0.0700,2017.4800,2054.1800,2009.7200,2023.5800,2.2000,1.0900,19.3140,36,1.4200,-12,0.5421,-5.4874,-3.5517,-11.3546,-15.1985,-3.4953,-1.3969,上升轮动,新晋活跃,9.6000,-5.4212,0.6125,0.4148,0.5879,非核心科技
2026-07-17,BK1368,钢铁,普钢,钢铁管材,51,-0.1000,573.5200,583.5500,573.0700,576.1900,1.8200,0.7000,1.7064,70,1.1100,19,3.0388,0.4792,-7.3238,-23.7808,-26.5535,-16.0826,1.7504,普通轮动,普通轮动,12.4000,0.5798,3.1419,0.3703,0.7715,非核心科技
2026-07-17,BK1492,煤炭,焦炭Ⅱ,焦炭Ⅲ,52,-0.1100,702.6300,719.0600,695.8300,701.6300,3.3100,0.9600,4.4637,22,1.6700,-30,7.6249,5.1854,-3.2941,-15.9052,-20.2946,-18.5824,8.7957,上升轮动,上升轮动,52.1000,5.3013,7.7434,0.1798,1.2502,非核心科技
2026-07-17,BK1573,石油石化,油服工程,油田服务,53,-0.1200,1539.9800,1576.7500,1523.4100,1534.7400,3.4700,0.8400,14.2285,11,2.1800,-42,2.6006,2.9379,-2.2400,-19.9722,-22.9970,-15.3467,6.0057,持续主线,持续主线,53.2000,3.0616,2.7238,0.2748,1.3230,非核心科技
2026-07-17,BK1464,建筑材料,水泥,水泥制造,54,-0.1900,1965.0100,1994.8700,1962.0100,1962.2600,1.6700,0.5200,13.5654,34,1.4300,-20,2.5663,1.5144,-3.0058,-18.1434,-18.8633,-12.6512,4.3029,上升轮动,新晋活跃,17.4000,1.7077,2.7616,0.3864,0.9737,非核心科技
2026-07-17,BK1412,基础化工,化学纤维,氨纶,55,-0.2000,2514.0800,2514.0800,2446.1300,2501.5000,2.7100,0.4200,2.0616,249,-0.2000,194,1.1741,0.7730,-2.5093,-5.1081,-13.1869,-6.8067,8.6282,普通轮动,普通轮动,19.1000,0.9750,1.3769,0.4896,0.4059,非核心科技
2026-07-17,BK1472,建筑装饰,基础建设,基建市政工程,56,-0.2100,1942.3100,1960.9600,1933.1100,1933.9400,1.4400,0.5300,29.8665,65,1.1600,9,2.8600,1.0922,-4.9823,-18.3218,-19.2859,-14.3302,3.8926,普通轮动,普通轮动,11.4000,1.3049,3.0764,0.3579,0.9005,非核心科技
2026-07-17,BK1421,基础化工,化学原料,钛白粉,57,-0.2400,1749.3600,1783.1800,1739.8200,1746.9100,2.4800,1.1500,5.7520,18,1.7800,-39,0.2740,-3.8635,-2.2196,-12.1900,-16.3829,-2.8768,-0.5407,上升轮动,新晋活跃,15.5000,-3.6322,0.5152,0.4623,0.6181,非核心科技
2026-07-17,BK1427,基础化工,化学制品,民爆制品,58,-0.2600,3916.8200,3970.1700,3888.8400,3911.7800,2.0700,1.0900,15.4269,53,1.2300,-5,1.8150,-4.1840,-7.9373,-25.5428,-25.9992,-14.3404,-1.3901,普通轮动,普通轮动,12.4000,-3.9342,2.0804,0.3869,0.7600,非核心科技
2026-07-17,BK1290,传媒,出版,教育出版,59,-0.2700,2076.2600,2099.2900,2059.2900,2062.2700,1.9300,0.6300,6.6998,31,1.4700,-28,5.1935,6.3210,4.3232,-9.8079,-10.0847,-8.0520,9.1728,持续主线,持续主线,49.6000,6.6088,5.4783,0.2991,1.0413,非核心科技
2026-07-17,BK1451,家用电器,厨卫电器,厨房电器,60,-0.2800,8273.2500,8462.4000,8115.3500,8118.3500,4.2600,1.0900,3.9518,7,2.5500,-53,2.7972,2.1157,-2.8344,-16.7034,-21.5152,-7.4489,1.7673,上升轮动,新晋活跃,33.8000,2.4025,3.0858,0.3638,0.8324,非核心科技
2026-07-17,BK1318,电力设备,光伏设备,光伏主材,61,-0.3000,9646.5900,9745.9500,9561.3500,9638.1800,1.9100,0.6700,9.2140,146,0.5900,85,-1.5442,-8.9681,-14.3643,-36.0603,-37.9552,-12.9027,-10.3988,普通轮动,普通轮动,10.9000,-8.6942,-1.2480,0.5098,0.8631,非核心科技
2026-07-17,BK1485,交通运输,铁路公路,铁路运输,62,-0.3400,1447.1300,1469.4300,1437.3700,1442.5300,2.2100,0.3700,17.0108,68,1.1200,6,6.3721,7.1552,3.3109,-6.0112,-9.6934,-13.4943,10.9786,持续主线,持续主线,53.6000,7.5208,6.7350,0.2504,0.9095,非核心科技
2026-07-17,BK1450,家用电器,白色家电,空调,63,-0.3700,14439.0900,14605.0100,14373.7500,14401.0300,1.6000,0.4500,30.9034,102,0.8400,39,5.0779,4.1227,2.8438,4.7203,-4.9578,-4.4681,4.6956,普通轮动,普通轮动,31.2000,4.5093,5.4681,0.3045,0.8293,非核心科技
2026-07-17,BK1353,纺织服饰,服装家纺,家纺,64,-0.4000,3952.8100,4039.6900,3934.3300,3939.7700,2.6600,0.9300,1.9772,19,1.6900,-45,1.2451,-2.8952,-3.9589,-11.7456,-23.2444,-11.9400,3.1578,上升轮动,新晋活跃,12.4000,-2.5052,1.6517,0.4101,0.7812,非核心科技
2026-07-17,BK1572,石油石化,油服工程,油气及炼化工程,65,-0.4400,1596.1100,1642.4800,1558.8100,1584.9500,5.2600,1.9700,22.3916,16,1.8000,-49,4.9780,7.1963,1.6085,-19.3448,-21.2737,-8.2915,6.7110,持续主线,持续主线,54.2000,7.6701,5.4420,0.3846,1.7280,非核心科技
2026-07-17,BK1488,交通运输,物流,跨境物流,66,-0.4800,1514.4400,1540.7800,1507.5500,1508.4900,2.1900,0.5900,5.8594,39,1.3900,-27,4.2560,1.3060,-3.3616,-18.7548,-20.1572,-18.2908,7.1727,上升轮动,上升轮动,30.9000,1.7947,4.7588,0.2712,0.8334,非核心科技
2026-07-17,BK1309,电力设备,电网设备,电网自动化设备,67,-0.5000,6132.5800,6209.3500,6094.2300,6126.3800,1.8700,1.3000,51.8979,245,-0.1600,178,-6.3336,-10.5820,-13.3515,-18.2085,-27.1627,-12.3975,-11.9525,退潮,退潮,-20.3000,-10.1326,-5.8629,0.7650,0.6349,非核心科技
2026-07-17,BK1369,钢铁,普钢,长材,68,-0.5300,509.8900,521.2500,506.2900,509.5500,2.9200,0.5200,0.9526,27,1.5600,-41,7.1333,1.2667,0.0840,-16.0698,-17.4427,-14.5558,7.8511,上升轮动,上升轮动,51.2000,1.8063,7.7041,0.1454,0.9716,非核心科技
2026-07-17,BK1578,食品饮料,非白酒,其他酒类,68,-0.5300,1456.4400,1476.6600,1437.9100,1440.9400,2.6700,1.4600,8.4986,21,1.6800,-47,4.6768,2.4400,-1.7847,-10.5621,-16.9017,-16.6005,6.4229,上升轮动,上升轮动,39.0000,2.9858,5.2345,0.2831,1.1439,非核心科技
2026-07-17,BK1349,纺织服饰,纺织制造,棉纺,70,-0.5600,2453.6100,2476.3600,2420.3300,2436.3900,2.2900,1.5000,8.0604,84,0.9700,14,3.7450,1.2038,3.7068,-15.9271,-17.6222,-9.4188,8.1410,上升轮动,上升轮动,36.7000,1.7737,4.3292,0.3116,0.6782,非核心科技
2026-07-17,BK1461,建筑材料,玻璃玻纤,玻璃制造,70,-0.5600,1774.2700,1787.0700,1756.6100,1768.5000,1.7100,1.4900,7.2353,178,0.3800,108,-4.3751,-13.8687,-26.8819,-18.8808,-27.2914,0.1621,-18.6913,普通轮动,普通轮动,2.7000,-13.3837,-3.8366,0.5579,0.7169,非核心科技
2026-07-17,BK1571,石油石化,炼化及贸易,油品石化贸易,72,-0.5800,2938.1600,2978.9200,2897.8400,2915.7300,2.7600,2.6600,5.7747,123,0.7000,51,-2.6881,-5.1474,-4.9192,-14.2612,-23.4402,-10.6940,-3.1364,普通轮动,普通轮动,3.1000,-4.5941,-2.1204,0.5039,0.8856,非核心科技
2026-07-17,BK1474,建筑装饰,专业工程,钢结构,73,-0.5900,2567.9800,2610.7600,2542.7300,2552.3600,2.6500,1.0400,4.8380,23,1.6400,-50,3.8774,1.3336,-5.3304,-18.6950,-23.0911,-15.3920,2.2765,上升轮动,上升轮动,43.0000,1.9351,4.4939,0.2748,1.1563,非核心科技
2026-07-17,BK1577,食品饮料,非白酒,啤酒,74,-0.6100,2322.6400,2352.2000,2300.2300,2306.7800,2.2400,0.8300,8.5170,60,1.1800,-14,4.9568,3.3791,-5.8406,-15.0305,-19.6919,-21.1402,5.9053,普通轮动,普通轮动,28.5000,4.0136,5.6009,0.3383,0.9516,非核心科技
2026-07-17,BK1499,美容护理,医疗美容,医美服务,75,-0.6400,585.8900,593.4300,582.1300,582.1300,1.9300,0.2400,0.0698,84,0.9700,9,1.6164,-5.9463,-8.0915,-8.9089,-19.1939,-17.6217,-0.8676,普通轮动,普通轮动,8.6000,-5.3405,2.2710,0.3727,0.5906,非核心科技
2026-07-17,BK1308,电力设备,电网设备,电工仪器仪表,76,-0.6500,2407.1600,2432.1700,2391.1100,2397.4800,1.7000,1.5100,19.8926,184,0.3200,108,-0.2309,-3.5042,-10.8089,-20.8429,-21.9257,-14.3910,-5.0212,普通轮动,普通轮动,-1.0000,-2.8728,0.4219,0.4920,0.7706,非核心科技
2026-07-17,BK1467,建筑材料,装修建材,耐火材料,77,-0.6600,1897.6500,1922.0300,1888.8300,1892.8100,1.7400,0.9300,2.3874,121,0.7100,44,-3.1473,-10.8988,-9.4377,-15.3053,-20.7292,2.3414,-9.0831,普通轮动,普通轮动,6.2000,-10.3068,-2.5038,0.5626,0.5662,非核心科技
2026-07-17,BK1370,钢铁,特钢Ⅱ,特钢Ⅲ,78,-0.7200,1918.7100,1942.6700,1900.1800,1911.1500,2.2100,0.5700,8.6421,96,0.8800,18,1.7101,-4.2966,-9.2325,-23.8603,-24.6642,-14.1404,-2.0367,普通轮动,普通轮动,6.9000,-3.6025,2.4477,0.3834,0.8812,非核心科技
2026-07-17,BK1585,食品饮料,饮料乳品,乳品,79,-0.7800,2021.4600,2084.6400,2002.0200,2002.2600,4.0900,1.3300,24.3140,4,2.8600,-75,5.9021,5.4052,1.2844,-14.5766,-17.7814,-18.0013,8.4324,持续主线,持续主线,53.7000,6.2339,6.7346,0.2309,0.9798,非核心科技
2026-07-17,BK1314,电力设备,风电设备,风电整机,80,-0.8200,1416.2300,1427.5300,1396.0400,1401.0600,2.2300,1.4300,18.0497,136,0.6300,56,-2.7901,-9.4817,-15.4393,-34.7947,-37.0546,-18.1446,-11.7856,普通轮动,普通轮动,11.0000,-8.7333,-1.9864,0.5323,0.8507,非核心科技
2026-07-17,BK1521,汽车,摩托车及其他,摩托车,81,-0.8300,3346.6500,3375.4600,3313.5600,3330.1100,1.8400,0.4800,8.6936,226,-0.0200,145,0.8828,4.4300,7.0130,-7.6239,-9.6951,-3.9445,6.2712,普通轮动,普通轮动,32.7000,5.3040,1.7271,0.4220,0.7132,非核心科技
2026-07-17,BK1506,农林牧渔,农业综合Ⅱ,农业综合Ⅲ,82,-0.8400,2091.6500,2128.0700,2073.9800,2077.4700,2.5800,0.8000,0.6605,44,1.3500,-38,0.9088,0.9906,1.6426,-17.0204,-20.3318,-6.9339,1.9574,上升轮动,新晋活跃,31.2000,1.8462,1.7636,0.4012,0.5937,非核心科技
2026-07-17,BK1323,电力设备,其他电源设备Ⅱ,综合电力设备商,83,-0.8500,1162.7400,1167.4500,1147.9000,1153.7300,1.6800,0.3800,7.6048,276,-0.6400,193,-6.3732,-7.3562,-15.9380,-29.4879,-33.8280,-16.0528,-9.7060,退潮,退潮,-17.7000,-6.5620,-5.5705,0.7157,0.6340,非核心科技
2026-07-17,BK1509,农林牧渔,饲料,水产饲料,83,-0.8500,5811.1100,5901.9800,5760.0700,5778.4600,2.4300,0.6800,3.9108,79,1.0000,-4,-1.7446,-6.2279,5.8501,-12.9458,-15.3090,-7.7094,2.7191,普通轮动,普通轮动,20.1000,-5.4240,-0.9023,0.5199,0.7060,非核心科技
2026-07-17,BK1354,纺织服饰,服装家纺,鞋帽及其他,85,-0.9300,677.5800,683.0400,660.3200,660.6300,3.4100,3.0300,11.1727,56,1.2000,-29,-2.6165,-7.1694,-10.3298,-13.2916,-23.7787,-12.3770,-4.4939,普通轮动,普通轮动,10.4000,-6.2979,-1.7024,0.5323,0.5767,非核心科技
2026-07-17,BK1518,农林牧渔,种植业,种子,86,-0.9400,3407.5500,3456.9400,3385.1200,3388.9500,2.1000,1.7500,6.5624,89,0.9300,3,6.1021,2.4109,-3.3596,-22.3293,-22.8129,-14.9463,5.7321,上升轮动,上升轮动,35.9000,3.3827,7.1089,0.2208,1.4050,非核心科技
2026-07-17,BK1513,农林牧渔,渔业,海洋捕捞,87,-0.9700,996.8100,1014.1200,988.0000,988.8200,2.6200,1.4600,0.8766,29,1.4800,-58,4.5408,1.9067,-1.6425,-25.1830,-26.7418,-16.4047,6.3681,上升轮动,上升轮动,33.1000,2.9048,5.5647,0.2178,1.0910,非核心科技
2026-07-17,BK1442,基础化工,橡胶,炭黑,88,-1.0000,1654.2000,1665.6900,1623.2100,1635.0100,2.5700,1.5200,3.0444,116,0.7300,28,-5.3848,-11.3315,-5.8764,-17.1139,-21.5152,-3.5800,-8.8601,普通轮动,普通轮动,-7.3000,-10.4359,-4.4291,0.6350,0.5349,非核心科技
2026-07-17,BK1486,交通运输,物流,仓储物流,89,-1.0100,3898.0600,3965.5100,3853.2000,3853.8000,2.8800,0.9800,5.0700,48,1.2800,-41,-1.5233,-3.7546,-0.5850,-13.2267,-20.0534,-7.6603,0.6120,普通轮动,普通轮动,13.7000,-2.7726,-0.5185,0.5175,0.7078,非核心科技
2026-07-17,BK1567,社会服务,专业服务,其他专业服务,90,-1.0200,1011.2300,1013.6000,991.6700,1000.4800,2.1700,0.8500,1.3638,229,-0.0500,139,-6.1966,-11.6492,-15.8647,-2.5418,-19.1023,-0.8429,-9.4952,普通轮动,普通轮动,-2.3000,-10.7388,-5.2300,0.6872,1.0520,非核心科技
2026-07-17,BK1620,有色金属,能源金属,钴,91,-1.0600,1025.4700,1041.4900,1007.3700,1021.4200,3.3100,1.3900,3.0308,123,0.7000,32,-4.5821,-11.9845,-18.4887,-37.1676,-41.7956,-18.0318,-13.2912,普通轮动,普通轮动,10.8000,-11.0415,-3.5598,0.5632,0.4962,非核心科技
2026-07-17,BK1568,社会服务,专业服务,人力资源服务,92,-1.0700,1760.0400,1785.4600,1739.9300,1747.0200,2.5800,0.4300,1.2448,88,0.9400,-4,2.8301,2.4207,-0.6149,-18.4874,-19.5975,-12.1524,5.1706,普通轮动,普通轮动,33.6000,3.5284,3.9423,0.3234,0.9824,非核心科技
2026-07-17,BK1487,交通运输,物流,公路货运,93,-1.0800,4171.0300,4285.4000,4108.3900,4119.4900,4.2500,1.0200,1.9238,144,0.6100,51,1.6729,0.2903,-1.8245,-9.0854,-18.2484,-10.6377,3.9942,普通轮动,普通轮动,11.7000,1.3852,2.7829,0.3774,1.0552,非核心科技
2026-07-17,BK1344,房地产,房地产开发,产业地产,94,-1.1000,2253.1000,2269.5800,2231.2700,2233.1700,1.7000,0.5200,6.8696,200,0.2100,106,0.9108,-0.6971,-2.7844,-13.6476,-17.5419,-13.6771,3.1344,普通轮动,普通轮动,11.1000,0.4074,2.0332,0.4226,1.3250,非核心科技
2026-07-17,BK1520,汽车,乘用车,综合乘用车,94,-1.1000,2409.1300,2434.7700,2377.6400,2383.4900,2.3700,0.4100,11.1455,123,0.7000,29,1.9989,-2.2564,-7.9724,-29.8636,-30.2616,-15.7770,0.3897,普通轮动,普通轮动,8.5000,-1.1693,3.1333,0.3460,0.8343,非核心科技
2026-07-17,BK1544,轻工制造,造纸,大宗用纸,96,-1.1100,1834.9600,1855.1100,1812.7500,1816.9300,2.3100,0.7400,5.9630,164,0.4800,68,-0.7815,-0.6510,-5.4797,-23.0373,-24.9807,-18.1744,2.5742,普通轮动,普通轮动,8.1000,0.4641,0.3322,0.4902,0.7616,非核心科技
2026-07-17,BK1364,非银金融,多元金融,资产管理,97,-1.1400,3515.4400,3551.6400,3455.5700,3466.0900,2.7400,0.9600,3.7515,66,1.1500,-31,1.0127,-1.4559,-0.3508,-15.8388,-17.4695,-11.8097,2.4089,普通轮动,普通轮动,25.3000,-0.3196,2.1776,0.3869,0.9962,非核心科技
2026-07-17,BK1466,建筑材料,装修建材,管材,97,-1.1400,1751.6600,1765.6200,1728.4300,1732.7100,2.1200,0.8700,3.6173,136,0.6300,39,-4.5368,-5.4852,-9.9515,-10.5529,-16.1002,-8.0001,-2.7630,退潮,退潮,-14.9000,-4.3953,-3.4360,0.6119,0.7084,非核心科技
2026-07-17,BK1423,基础化工,化学制品,纺织化学制品,99,-1.1500,1411.6500,1437.5800,1392.9900,1397.2800,3.1500,1.9600,14.7791,29,1.4800,-70,2.9522,-5.4047,-5.8808,-10.0671,-18.3499,-4.4488,-1.3694,上升轮动,上升轮动,38.2000,-4.3042,4.1500,0.2807,0.9018,非核心科技
2026-07-17,BK1560,社会服务,酒店餐饮,酒店,100,-1.1700,2098.2900,2127.0500,2077.6700,2081.2600,2.3400,0.8500,3.6637,80,0.9900,-20,2.1562,-1.1350,-5.1827,-25.3799,-26.5039,-14.6901,1.3416,普通轮动,普通轮动,22.8000,0.0354,3.3656,0.3092,0.9530,非核心科技
2026-07-17,BK1484,交通运输,铁路公路,公交,100,-1.1700,1434.8300,1454.5500,1395.2600,1400.1000,4.1900,3.4000,7.1528,59,1.1900,-41,2.9856,-0.0295,-6.0029,-20.2911,-25.5463,-17.6212,2.3360,上升轮动,上升轮动,37.2000,1.1540,4.2048,0.2712,1.3338,非核心科技
2026-07-17,BK1550,商贸零售,贸易Ⅱ,贸易Ⅲ,100,-1.1700,9153.8800,9257.6500,9043.4600,9075.4300,2.3300,0.6300,6.9239,144,0.6100,44,-1.2080,-4.8848,-10.6353,-17.9712,-21.4596,-13.1268,-2.6518,普通轮动,普通轮动,-1.7000,-3.7587,-0.0385,0.4831,0.7654,非核心科技
2026-07-17,BK1420,基础化工,化学原料,其他化学原料,103,-1.1800,2838.5900,2877.8400,2795.9800,2808.0900,2.8800,0.9100,16.4894,60,1.1800,-43,-2.9769,-11.4675,-11.4297,-17.7453,-21.5041,-5.2927,-6.9535,普通轮动,普通轮动,8.1000,-10.4103,-1.8184,0.5151,0.6250,非核心科技
2026-07-17,BK1436,基础化工,农化制品,农药,104,-1.1900,2665.2900,2698.2200,2627.9600,2636.7600,2.6300,1.0700,20.0226,73,1.0800,-31,2.0854,-1.2774,-4.5836,-21.3669,-23.4637,-13.2812,2.7176,普通轮动,普通轮动,8.5000,-0.0884,3.3149,0.3217,0.8222,非核心科技
2026-07-17,BK1470,建筑装饰,房屋建设Ⅱ,房屋建设Ⅲ,105,-1.2000,1786.8300,1802.8800,1762.8600,1765.5200,2.2400,0.7300,17.5701,164,0.4800,59,3.3942,3.0054,-5.6067,-21.4020,-23.5098,-18.7560,6.0113,普通轮动,普通轮动,28.0000,4.2564,4.6500,0.3258,1.1120,非核心科技
2026-07-17,BK1552,商贸零售,一般零售,超市,106,-1.2200,1634.2300,1703.0000,1606.9400,1609.8300,5.8900,3.3200,23.6017,2,3.4700,-104,7.2898,4.6013,2.5528,-13.2952,-13.3305,-18.1542,10.0971,持续主线,持续主线,62.8000,5.8932,8.6149,0.1774,1.3571,非核心科技
2026-07-17,BK1504,农林牧渔,农产品加工,粮油加工,106,-1.2200,1299.1600,1312.3000,1284.1200,1284.7000,2.1700,0.9400,3.2177,132,0.6500,26,3.6977,2.5950,2.3445,-16.3576,-17.6084,-12.3739,6.9519,普通轮动,普通轮动,22.1000,3.8621,4.9785,0.3157,1.1353,非核心科技
2026-07-17,BK1490,交通运输,物流,原材料供应链服务,108,-1.2500,2788.5100,2821.2800,2758.2600,2760.0200,2.2500,0.7200,6.4543,123,0.7000,15,2.9654,5.7896,3.9817,-15.9518,-17.1950,-12.2375,9.1100,持续主线,持续主线,49.4000,7.1287,4.2688,0.3418,0.8647,非核心科技
2026-07-17,BK1530,汽车,商用车,商用载货车,108,-1.2500,1860.4900,1876.2000,1829.9400,1832.9600,2.4900,0.8700,17.7262,123,0.7000,15,0.6902,0.4116,-5.4880,-19.5754,-21.9040,-11.8813,3.3778,普通轮动,普通轮动,16.8000,1.6826,1.9648,0.3769,0.6635,非核心科技
2026-07-17,BK1463,建筑材料,水泥,水泥制品,110,-1.2600,1880.7600,1912.1100,1858.4700,1859.3300,2.8500,1.0300,2.7695,39,1.3900,-71,-1.7386,-5.0062,-9.3388,-17.0881,-24.7933,-15.9930,-3.3812,普通轮动,普通轮动,6.7000,-3.7940,-0.4847,0.4231,0.6295,非核心科技
2026-07-17,BK1441,基础化工,橡胶,其他橡胶制品,110,-1.2600,3907.5900,3930.0900,3843.6400,3852.9600,2.2200,1.8000,6.5368,146,0.5900,36,-4.0028,-9.6189,-10.7897,-26.1056,-27.6106,-9.6169,-7.8886,普通轮动,普通轮动,-6.8000,-8.4655,-2.7778,0.5774,0.5132,非核心科技
2026-07-17,BK1458,家用电器,小家电,个护小家电,112,-1.3000,750.4700,763.1500,737.3300,742.1600,3.4300,1.2100,1.7302,76,1.0300,-36,1.6956,-3.2986,-6.7787,-19.7999,-32.5199,-17.8278,-0.7712,普通轮动,普通轮动,14.8000,-2.0249,3.0351,0.3454,0.6699,非核心科技
2026-07-17,BK1541,轻工制造,家居用品,卫浴制品,113,-1.3200,608.2000,612.7300,599.7500,600.1300,2.1300,0.7200,1.5455,164,0.4800,51,-1.1499,-5.3406,-8.1173,-21.8469,-23.5007,-10.7177,-1.6890,普通轮动,普通轮动,6.8000,-4.0744,0.1723,0.4861,0.5857,非核心科技
2026-07-17,BK1570,石油石化,炼化及贸易,其他石化,114,-1.3600,2611.5800,2661.2600,2564.0200,2579.0500,3.7200,1.1800,11.4483,25,1.6200,-89,0.4449,-3.7565,-8.9112,-23.4514,-27.5939,-13.4836,-1.2930,上升轮动,新晋活跃,11.6000,-2.4296,1.8298,0.3727,0.8286,非核心科技
2026-07-17,BK1389,环保,环境治理,固废治理,115,-1.3800,2796.5500,2816.6500,2755.2700,2759.4500,2.1900,1.1500,31.2131,148,0.5800,33,-2.0121,-4.2901,-9.9492,-16.5011,-22.0726,-13.2824,-2.4657,普通轮动,普通轮动,4.3000,-2.9509,-0.6409,0.5329,0.6005,非核心科技
2026-07-17,BK1414,基础化工,化学纤维,锦纶,115,-1.3800,550.2500,558.8700,539.8600,542.1600,3.4600,0.9500,2.0283,28,1.5400,-87,1.1122,-5.4698,-10.9083,-20.0948,-25.3197,-6.5738,-5.1028,上升轮动,新晋活跃,15.1000,-4.1470,2.5271,0.3585,0.7766,非核心科技
2026-07-17,BK1507,农林牧渔,饲料,宠物食品,117,-1.3900,1469.2600,1499.5100,1447.9700,1448.5600,3.5100,2.2900,5.2435,15,1.8400,-102,4.6349,-1.1286,0.0979,-25.0432,-28.3994,-10.1348,0.6260,上升轮动,上升轮动,46.2000,0.2651,6.1098,0.3264,1.1991,非核心科技
2026-07-17,BK1426,基础化工,化学制品,聚氨酯,117,-1.3900,3349.2400,3390.0300,3291.5400,3310.8100,2.9300,1.5200,23.6651,104,0.8000,-13,-0.4628,-8.3899,-5.8007,-14.9036,-19.7476,1.0116,-7.4482,普通轮动,普通轮动,4.4000,-7.0985,0.9402,0.4499,0.6312,非核心科技
2026-07-17,BK1495,美容护理,个护用品,生活用纸,119,-1.4000,1156.9600,1174.1200,1138.9800,1142.6500,3.0300,1.5100,7.1377,132,0.6500,13,1.3693,1.7698,3.3194,-17.9394,-21.3460,-6.6107,5.0768,普通轮动,普通轮动,20.3000,3.2148,2.8087,0.3656,0.9589,非核心科技
2026-07-17,BK1310,电力设备,电网设备,配电设备,119,-1.4000,3268.4900,3283.2200,3220.5000,3228.5700,1.9200,1.3600,23.9106,199,0.2200,80,-3.6679,-8.4080,-13.9829,-23.9061,-28.8604,-14.7224,-8.9313,普通轮动,普通轮动,-6.4000,-7.1075,-2.3001,0.5881,0.7050,非核心科技
2026-07-17,BK1527,汽车,汽车零部件,轮胎轮毂,121,-1.4200,2664.6700,2695.5000,2630.2400,2630.7400,2.4500,0.9800,17.4839,116,0.7300,-5,-0.3016,-2.9479,-7.0200,-18.3758,-21.3158,-12.2889,-0.0913,普通轮动,普通轮动,9.2000,-1.5499,1.1345,0.4338,0.6462,非核心科技
2026-07-17,BK1345,房地产,房地产开发,商业地产,121,-1.4200,1188.0700,1204.6200,1172.6200,1174.5700,2.6900,0.6800,10.7874,150,0.5700,29,2.2028,2.5924,-2.9583,-12.5133,-17.0956,-13.7065,4.4060,普通轮动,普通轮动,29.1000,4.0702,3.6750,0.3169,1.1565,非核心科技
2026-07-17,BK1357,纺织服饰,饰品,钟表珠宝,123,-1.4500,1802.9100,1822.6700,1775.2500,1784.7900,2.6200,1.5800,9.0383,142,0.6200,19,-3.1370,-8.7403,-9.0960,-24.7820,-25.8626,-10.0314,-5.4200,普通轮动,普通轮动,-3.0000,-7.3975,-1.7118,0.5739,0.6729,非核心科技
2026-07-17,BK1360,非银金融,多元金融,金融信息服务,123,-1.4500,4358.5100,4380.9900,4284.9800,4308.2900,2.2000,1.7800,5.4908,240,-0.1400,117,-6.0099,-3.7435,-22.7890,-28.5134,-35.6242,-23.3129,-2.1008,退潮,退潮,-15.0000,-2.3272,-4.6270,0.7187,0.8424,非核心科技
2026-07-17,BK1457,家用电器,小家电,厨房小家电,123,-1.4500,2024.7100,2042.8000,1992.6400,1993.0700,2.4800,0.5700,3.2085,90,0.9200,-33,-0.4120,-2.7978,-4.9059,-10.7409,-17.9378,-15.2873,2.0586,普通轮动,普通轮动,16.2000,-1.3676,1.0533,0.4208,0.6948,非核心科技
2026-07-17,BK1393,机械设备,工程机械,工程机械整机,126,-1.4600,4052.9200,4077.9000,3993.4600,4007.0900,2.0800,0.6600,29.3537,215,0.0800,89,-2.4122,-3.7899,-5.7966,-14.0798,-21.5790,-10.2101,-1.4979,退潮,退潮,-12.0000,-2.3644,-0.9663,0.5608,0.6052,非核心科技
2026-07-17,BK1439,基础化工,塑料,膜材料,127,-1.5200,3644.6100,3676.3100,3559.2500,3582.6000,3.2200,3.3600,62.2073,193,0.2500,66,-8.8656,-19.0894,-24.7410,-6.6796,-26.3867,10.2300,-20.7856,普通轮动,普通轮动,3.7000,-17.8406,-7.4589,0.7027,0.7469,非核心科技
2026-07-17,BK1559,社会服务,酒店餐饮,餐饮,128,-1.5300,1325.5600,1341.2400,1302.1600,1303.3100,2.9500,0.9900,1.0707,63,1.1700,-65,1.5104,-0.4010,-3.6528,-24.0088,-25.4189,-15.5382,4.1735,普通轮动,普通轮动,14.5000,1.1465,3.0876,0.3412,1.0126,非核心科技
2026-07-17,BK1394,机械设备,轨交设备Ⅱ,轨交设备Ⅲ,128,-1.5300,1629.9800,1640.5400,1604.6500,1605.6600,2.2000,0.5700,21.7026,158,0.5100,30,-1.7350,-6.2015,-7.9197,-16.7357,-20.4813,-4.4898,-5.4464,普通轮动,普通轮动,-2.3000,-4.7441,-0.2081,0.5139,0.7341,非核心科技
2026-07-17,BK1542,轻工制造,文娱用品,文化用品,128,-1.5300,2675.3300,2740.4200,2639.7300,2642.1500,3.7500,1.4300,3.7145,14,1.8800,-114,0.9610,0.7608,-2.8724,-17.8885,-18.7487,-16.2262,5.1814,上升轮动,新晋活跃,11.5000,2.3264,2.5297,0.3792,0.8696,非核心科技
2026-07-17,BK1316,电力设备,光伏设备,光伏辅材,128,-1.5300,2214.6400,2231.5500,2176.4200,2184.9100,2.4800,1.2300,21.9215,178,0.3800,50,-7.9020,-15.4258,-20.0112,-25.5759,-30.9505,-6.1820,-17.5027,普通轮动,普通轮动,-2.5000,-14.1117,-6.4710,0.7353,0.7465,非核心科技
2026-07-17,BK1511,农林牧渔,养殖业,肉鸡养殖,132,-1.5400,3138.4100,3172.9500,3106.7200,3111.2300,2.1000,1.9300,8.6493,242,-0.1500,110,3.1917,0.0500,2.2017,-11.5656,-16.3159,-12.9185,10.2658,普通轮动,普通轮动,32.6000,1.6149,4.8057,0.3828,0.6618,非核心科技
2026-07-17,BK1627,综合,综合Ⅱ,综合Ⅲ,133,-1.5500,11087.8900,11167.8300,10907.7200,10927.2900,2.3400,2.0900,28.6320,168,0.4700,35,-0.2488,-4.5767,-6.5218,-17.3957,-21.1205,-8.8649,-1.8192,普通轮动,普通轮动,2.7000,-3.0743,1.3217,0.4404,0.8647,非核心科技
2026-07-17,BK1459,家用电器,小家电,清洁小家电,134,-1.5600,1900.3400,1914.0000,1867.0500,1873.6200,2.4700,0.8800,10.9952,203,0.1800,69,-0.7765,-4.4720,-6.7443,-18.0091,-24.1437,-11.0644,-1.5292,普通轮动,普通轮动,15.1000,-2.9581,0.7959,0.4872,0.8294,非核心科技
2026-07-17,BK1534,轻工制造,包装印刷,印刷,135,-1.5800,3637.3600,3677.8300,3584.7800,3584.7800,2.5500,1.8600,1.3158,100,0.8600,-35,0.0221,-0.6841,-6.3767,-20.7815,-26.6700,-16.4490,1.2351,普通轮动,普通轮动,17.6000,0.9103,1.6278,0.4065,0.7597,非核心科技
2026-07-17,BK1531,汽车,商用车,商用载客车,136,-1.6000,3152.8500,3209.6700,3091.0500,3096.9800,3.7700,0.9800,5.4823,60,1.1800,-76,1.7155,-0.2676,-4.1651,-21.1012,-25.5222,-17.0857,3.2993,上升轮动,上升轮动,32.9000,1.3541,3.3694,0.3110,0.8560,非核心科技
2026-07-17,BK1289,传媒,出版,大众出版,137,-1.6600,1558.7400,1582.4700,1531.5400,1533.6500,3.2700,0.8000,10.3607,47,1.2900,-90,2.6858,0.3397,-4.4777,-18.9920,-23.1463,-16.6716,3.5087,上升轮动,上升轮动,33.9000,2.0335,4.4192,0.2908,0.9942,非核心科技
2026-07-17,BK1348,纺织服饰,纺织制造,辅料,138,-1.6700,2711.8200,2753.3000,2711.8200,2716.8200,1.5000,1.1800,3.0767,265,-0.5100,127,-2.2817,-0.4274,23.1587,14.2150,-5.0009,15.7125,2.8139,普通轮动,普通轮动,20.5000,1.2637,-0.6221,0.6718,0.9739,非核心科技
2026-07-17,BK1539,轻工制造,家居用品,定制家居,139,-1.6800,6501.3500,6617.7300,6399.0500,6400.0700,3.3600,1.1200,6.5289,26,1.5900,-113,-2.4652,-5.3428,-3.1826,-19.9398,-24.5700,-8.7546,-3.3585,普通轮动,普通轮动,5.3000,-3.7254,-0.7986,0.5003,0.7888,非核心科技
2026-07-17,BK1312,电力设备,电网设备,线缆部件及其他,139,-1.6800,3288.4800,3306.9400,3231.0700,3243.8600,2.3000,2.2800,65.6600,205,0.1600,66,-3.5056,-11.3754,-18.3320,-26.2718,-34.0425,-15.6074,-11.2876,普通轮动,普通轮动,2.7000,-9.8610,-1.8568,0.5478,0.6940,非核心科技
2026-07-17,BK1315,电力设备,光伏设备,光伏电池组件,141,-1.6900,2184.4900,2197.8600,2138.7400,2147.7300,2.7100,1.0400,31.6309,182,0.3500,41,-5.9104,-14.9151,-18.4022,-32.9990,-36.1701,-9.7202,-15.2680,普通轮动,普通轮动,-8.0000,-13.4525,-4.2930,0.6291,0.6320,非核心科技
2026-07-17,BK1292,传媒,广告营销,广告媒体,142,-1.7000,2195.1400,2232.3900,2164.3000,2164.3000,3.0900,0.8000,6.2403,68,1.1200,-74,3.0508,3.2129,-2.3832,-16.1716,-19.8385,-14.2337,6.7448,普通轮动,普通轮动,20.3000,4.9978,4.8330,0.3045,0.8369,非核心科技
2026-07-17,BK1576,食品饮料,调味发酵品Ⅱ,调味发酵品Ⅲ,142,-1.7000,4622.8800,4687.8800,4547.4900,4549.2100,3.0300,1.4700,30.1975,67,1.1300,-75,3.8914,1.5127,-0.2277,-6.4512,-14.0518,-8.1193,3.7067,上升轮动,上升轮动,34.9000,3.2683,5.6881,0.3050,0.9928,非核心科技
2026-07-17,BK1522,汽车,摩托车及其他,其他运输设备,142,-1.7000,1736.7000,1747.3600,1704.8400,1707.3600,2.4500,0.9300,5.9564,195,0.2300,53,-0.5102,-3.2966,-2.5850,-18.0819,-19.4739,-7.8114,-1.8457,普通轮动,普通轮动,7.2000,-1.6242,1.2104,0.4629,0.9376,非核心科技
2026-07-17,BK1403,机械设备,专用设备,能源及重型设备,145,-1.7600,1983.6600,1992.6100,1944.7000,1951.5700,2.4100,1.1000,82.0880,212,0.1100,67,-4.2671,-9.4180,-11.7642,-24.0803,-27.0070,-8.0821,-7.6951,普通轮动,普通轮动,-0.2000,-7.7952,-2.5520,0.6125,0.8020,非核心科技
2026-07-17,BK1320,电力设备,光伏设备,逆变器,145,-1.7600,14264.4400,14329.1000,13949.0400,14089.0600,2.6500,1.4600,52.2865,275,-0.6000,130,-7.7739,-15.4463,-23.3111,-32.7771,-43.2691,-16.2955,-22.7024,普通轮动,普通轮动,-9.1000,-13.9315,-6.1216,0.7644,0.8786,非核心科技
2026-07-17,BK1302,电力设备,电池,电池化学品,147,-1.7800,10377.4400,10447.1400,10079.3700,10212.1600,3.5400,1.6300,131.6464,188,0.3000,41,-10.7413,-21.3146,-24.5343,-23.5546,-34.4685,-3.6599,-20.9923,普通轮动,普通轮动,-3.3000,-19.8886,-9.1237,0.7745,0.5929,非核心科技
2026-07-17,BK1586,食品饮料,饮料乳品,软饮料,148,-1.7900,1770.0500,1797.4500,1741.9500,1742.0900,3.1300,0.9300,12.2128,110,0.7800,-38,1.3090,0.2976,-0.4219,-9.1737,-17.5733,-13.7543,2.8529,普通轮动,普通轮动,17.8000,2.1257,3.1555,0.3869,0.9926,非核心科技
2026-07-17,BK1582,食品饮料,休闲食品,烘焙食品,149,-1.8000,680.1900,688.1200,668.2700,668.3200,2.9200,0.7700,2.9627,116,0.7300,-33,1.2133,-2.5081,-4.8384,-16.6132,-19.3209,-12.6111,1.2571,普通轮动,普通轮动,23.2000,-0.7211,3.0685,0.3614,1.0604,非核心科技
2026-07-17,BK1449,家用电器,白色家电,冰洗,150,-1.8100,1835.4600,1852.0300,1807.0400,1809.0100,2.4400,0.5500,7.4720,195,0.2300,45,-1.1468,-5.3985,-6.7491,-9.5202,-13.9730,-8.9643,-1.7078,普通轮动,普通轮动,1.6000,-3.6547,0.6754,0.4920,0.8290,非核心科技
2026-07-17,BK1471,建筑装饰,工程咨询服务Ⅱ,工程咨询服务Ⅲ,150,-1.8100,754.9500,761.3800,740.6700,740.6800,2.7500,2.4200,53.0847,173,0.4300,23,-1.8613,-5.0237,-6.6472,-14.8099,-22.3305,-8.7772,-3.5138,普通轮动,普通轮动,-2.3000,-3.2730,-0.0522,0.4961,0.7336,非核心科技
2026-07-17,BK1476,建筑装饰,专业工程,化学工程,152,-1.8200,2348.3000,2373.1900,2312.4000,2323.2300,2.5700,0.7500,5.0756,202,0.1900,50,-3.7123,-6.9849,-7.8555,-20.7894,-22.3924,-6.6853,-4.8381,普通轮动,普通轮动,-2.4000,-5.2606,-1.9273,0.6047,0.6738,非核心科技
2026-07-17,BK1411,基础化工,非金属材料Ⅱ,非金属材料Ⅲ,153,-1.8300,1923.6700,1931.1200,1871.0400,1886.3900,3.1300,1.6400,25.2604,189,0.2700,36,-9.8661,-16.5005,-20.1543,0.5142,-29.6871,9.0430,-20.6284,普通轮动,普通轮动,4.9000,-14.9440,-8.1859,0.6772,0.6776,非核心科技
2026-07-17,BK1489,交通运输,物流,快递,154,-1.8400,5278.3800,5330.3500,5202.5400,5210.1800,2.4100,0.5400,10.5903,229,-0.0500,75,-0.5078,-4.1497,6.7665,-8.8850,-16.1558,-9.5434,5.6164,普通轮动,普通轮动,29.7000,-2.3530,1.3571,0.4908,0.8365,非核心科技
2026-07-17,BK1503,农林牧渔,农产品加工,果蔬加工,155,-1.8700,2712.5400,2756.6600,2688.7800,2702.3200,2.4700,1.4200,3.9648,300,-1.2000,145,-2.0171,-7.9261,-8.7327,-3.4434,-13.6457,-6.2103,-1.2792,普通轮动,普通轮动,12.6000,-6.1716,-0.1499,0.5620,0.8048,非核心科技
2026-07-17,BK1431,基础化工,化学制品,有机硅,155,-1.8700,3207.9000,3250.9300,3128.1900,3160.4600,3.8100,2.6800,25.7100,209,0.1300,54,-19.5188,-18.9962,-13.4936,-3.4148,-19.5188,13.7622,-18.1066,退潮,退潮,-16.0000,-17.4526,-17.9851,0.8801,0.7337,非核心科技
2026-07-17,BK1404,机械设备,专用设备,农用机械,157,-1.8800,1521.1400,1535.3200,1496.7400,1498.2200,2.5300,0.9300,2.4168,153,0.5400,-4,-4.1324,-5.5359,-7.5759,-16.6442,-24.3064,-13.0866,0.0495,普通轮动,普通轮动,3.6000,-3.7259,-2.2956,0.5858,0.5843,非核心科技
2026-07-17,BK1540,轻工制造,家居用品,其他家居用品,157,-1.8800,6013.2800,6039.5700,5893.0200,5900.1400,2.4400,1.2500,10.6480,219,0.0200,62,-3.0316,-7.0340,-11.0824,-20.1908,-26.6250,-15.5764,-3.3697,普通轮动,普通轮动,-3.6000,-5.2528,-1.1737,0.5816,0.8331,非核心科技
2026-07-17,BK1390,环保,环境治理,水务及水治理,159,-1.8900,1943.2000,1962.3900,1906.2900,1909.2300,2.8800,1.1600,33.6937,163,0.4900,4,-0.9624,-2.8224,-3.4517,-10.5296,-17.3893,-7.8882,-0.6498,普通轮动,普通轮动,0.7000,-0.9503,0.9455,0.4576,0.7907,非核心科技
2026-07-17,BK1402,机械设备,专用设备,楼宇设备,160,-1.9000,2212.3200,2236.5700,2171.2400,2171.3200,2.9500,1.0500,7.3175,100,0.8600,-60,-3.3924,-8.5256,-8.6094,-17.5708,-21.4672,-7.4907,-5.4908,普通轮动,普通轮动,2.8000,-6.7539,-1.5213,0.5407,0.6192,非核心科技
2026-07-17,BK1460,家用电器,照明设备Ⅱ,照明设备Ⅲ,161,-1.9300,2670.7400,2680.4000,2618.9200,2621.2900,2.3000,0.8100,6.7518,222,0.0000,61,-3.9500,-8.1690,-14.6224,-14.1968,-20.2032,-6.7514,-9.8596,普通轮动,普通轮动,1.1000,-6.3617,-2.0597,0.5881,0.8479,非核心科技
2026-07-17,BK1554,商贸零售,一般零售,商业物业经营,161,-1.9300,1619.9700,1640.6800,1593.3500,1593.3700,2.9100,0.9200,15.3827,131,0.6800,-30,2.4219,-1.8980,-5.2040,-15.5024,-22.4400,-13.5679,0.9511,普通轮动,普通轮动,17.9000,0.0327,4.4375,0.2902,0.9606,非核心科技
2026-07-17,BK1579,食品饮料,食品加工,保健品,163,-1.9700,3627.0400,3649.2700,3509.8600,3513.5400,3.8900,3.1000,7.9689,86,0.9600,-77,6.6271,4.2701,3.0539,-2.4558,-10.5526,-16.2541,8.7994,上升轮动,上升轮动,51.7000,6.3655,8.7699,0.2148,1.1857,非核心科技
2026-07-17,BK1519,汽车,乘用车,电动乘用车,163,-1.9700,4520.9700,4566.7500,4426.1100,4441.3100,3.1000,0.9400,47.9904,183,0.3300,20,-1.6416,-2.0530,-10.6611,-29.1736,-31.1792,-21.2351,-1.4557,普通轮动,普通轮动,28.2000,-0.0846,0.3350,0.4315,1.0200,非核心科技
2026-07-17,BK1514,农林牧渔,渔业,水产养殖,165,-1.9900,590.0300,606.5600,584.0200,584.8600,3.7800,2.4000,3.2880,71,1.1000,-94,6.3537,4.9789,1.4616,-15.1916,-18.4070,-17.3985,10.1022,上升轮动,上升轮动,46.1000,7.1104,8.5131,0.1525,1.3082,非核心科技
2026-07-17,BK1621,有色金属,能源金属,锂,165,-1.9900,14336.6900,14593.4900,13867.1900,14116.1100,5.0400,3.1000,75.1826,104,0.8000,-61,-12.0904,-26.5359,-28.2610,-31.3655,-45.1231,-1.2980,-25.5481,普通轮动,普通轮动,-4.6000,-25.0442,-10.3054,0.6843,0.5966,非核心科技
2026-07-17,BK1626,有色金属,小金属,稀土,165,-1.9900,8892.7500,8896.3300,8636.9900,8753.8000,2.9000,1.4900,34.5496,304,-1.4100,139,-9.3072,-20.3504,-22.7947,-16.4146,-33.2105,16.2563,-22.0225,普通轮动,普通轮动,5.3000,-18.7332,-7.4658,0.7211,0.6289,非核心科技
2026-07-17,BK1562,社会服务,旅游及景区,人工景区,165,-1.9900,2659.8400,2699.8200,2609.9100,2616.3000,3.3700,0.9800,4.2906,158,0.5100,-7,2.3217,1.4502,-0.8773,-16.7224,-17.7583,-12.1286,3.7052,普通轮动,普通轮动,31.4000,3.5101,4.3992,0.3134,0.8404,非核心科技
2026-07-17,BK1581,食品饮料,食品加工,预加工食品,169,-2.0000,6073.6200,6133.6500,5956.4100,5957.5500,2.9200,1.2800,6.8664,148,0.5800,-21,4.7913,1.9830,0.1724,-14.3377,-20.9436,-15.5587,4.7177,上升轮动,上升轮动,39.1000,4.0642,6.9299,0.2837,1.0027,非核心科技
2026-07-17,BK1291,传媒,电视广播Ⅱ,电视广播Ⅲ,170,-2.0100,1143.3300,1162.5300,1123.1800,1123.9400,3.4300,1.0700,11.4780,48,1.2800,-122,2.0677,0.0500,-6.3899,-21.8784,-24.6515,-17.3884,0.7179,上升轮动,上升轮动,41.0000,2.1022,4.1613,0.3110,1.2206,非核心科技
2026-07-17,BK1512,农林牧渔,养殖业,生猪养殖,170,-2.0100,3904.4600,3945.0300,3849.7000,3857.2000,2.4200,1.2500,39.3714,290,-0.8700,120,-0.1424,-0.5898,6.9068,-11.6130,-12.6336,-3.4769,4.8172,普通轮动,普通轮动,31.8000,1.4493,1.9059,0.4795,0.8245,非核心科技
2026-07-17,BK1547,商贸零售,互联网电商,跨境电商,170,-2.0100,2512.9700,2558.6400,2479.3200,2480.1200,3.1300,4.2300,10.8423,82,0.9800,-88,1.3459,-2.6499,0.4769,-4.7396,-14.4683,-3.3224,-2.2606,普通轮动,普通轮动,22.1000,-0.6530,3.4247,0.3371,1.0447,非核心科技
2026-07-17,BK1613,有色金属,工业金属,铝,173,-2.0300,2469.8500,2479.7300,2402.8600,2424.1000,3.1100,1.3200,89.2503,252,-0.2300,79,-0.9051,-5.0889,-12.2800,-22.7488,-23.1166,-13.3824,-4.6053,普通轮动,普通轮动,7.7000,-3.1223,1.1482,0.4878,1.1053,非核心科技
2026-07-17,BK1429,基础化工,化学制品,食品及饲料添加剂,173,-2.0300,2015.2300,2039.6300,1978.1800,1980.4000,3.0400,1.2300,23.3359,129,0.6900,-44,1.5761,-2.3767,-5.5051,-23.9255,-25.4065,-15.1366,1.2176,普通轮动,普通轮动,22.7000,-0.3539,3.6809,0.3300,0.8014,非核心科技
2026-07-17,BK1384,国防军工,航空装备Ⅱ,航空装备Ⅲ,173,-2.0300,3953.9600,3962.1100,3880.4600,3884.4300,2.0600,0.7900,71.0127,245,-0.1600,72,-7.6499,-10.6238,-13.0719,-21.4678,-27.6370,-5.1747,-11.3656,退潮,退潮,-12.6000,-8.7719,-5.7363,0.6825,0.8672,非核心科技
2026-07-17,BK1505,农林牧渔,农产品加工,其他农产品加工,176,-2.0400,2226.6300,2260.6500,2193.1700,2198.3400,3.0100,0.8600,5.3277,161,0.5000,-15,2.8480,0.8023,-3.3013,-17.8768,-20.7958,-15.8786,5.3773,普通轮动,普通轮动,15.8000,2.9015,4.9898,0.3003,0.9961,非核心科技
2026-07-17,BK1548,商贸零售,互联网电商,综合电商,177,-2.0500,971.4700,987.3100,958.2300,959.1400,2.9700,0.2600,1.2916,129,0.6900,-48,1.1394,-0.5173,-0.7540,-19.7973,-22.5640,-14.7874,2.5562,普通轮动,普通轮动,21.0000,1.5647,3.2561,0.3490,0.6737,非核心科技
2026-07-17,BK1516,农林牧渔,种植业,其他种植业,178,-2.0600,796.1700,813.0000,786.2700,787.2800,3.3300,1.3600,5.1093,104,0.8000,-74,4.2849,0.0976,-9.7583,-22.3687,-33.5749,-20.2846,2.5664,上升轮动,上升轮动,43.4000,2.2029,6.4783,0.2042,1.0560,非核心科技
2026-07-17,BK1313,电力设备,风电设备,风电零部件,179,-2.0700,1828.0800,1835.2300,1785.2100,1792.9900,2.7300,1.5500,34.3389,248,-0.1700,69,-5.9934,-11.1852,-15.4034,-31.2121,-35.3868,-14.5007,-11.4179,普通轮动,普通轮动,-1.3000,-9.3079,-4.0063,0.6439,0.7727,非核心科技
2026-07-17,BK1623,有色金属,小金属,钼,179,-2.0700,1357.2400,1378.9800,1323.1300,1334.7200,4.1000,1.1100,11.4485,156,0.5300,-23,-10.4706,-20.9182,-27.4976,-8.6589,-30.3568,1.7717,-19.6915,普通轮动,普通轮动,-2.9000,-19.2466,-8.5782,0.6320,0.6113,非核心科技
2026-07-17,BK1561,社会服务,旅游及景区,旅游综合,179,-2.0700,1518.5200,1538.2300,1488.7400,1489.6400,3.2500,1.5000,4.5460,153,0.5400,-26,-2.2870,-5.2358,-11.9172,-34.1713,-34.2573,-21.0994,-2.1366,普通轮动,普通轮动,6.8000,-3.2328,-0.2216,0.4896,0.9261,非核心科技
2026-07-17,BK1553,商贸零售,一般零售,多业态零售,179,-2.0700,1386.0800,1412.9400,1359.5600,1359.8500,3.8400,1.6300,11.1325,44,1.3500,-135,0.4549,-0.6702,-2.0274,-16.5494,-19.1774,-12.8349,2.9458,上升轮动,新晋活跃,18.8000,1.4294,2.5783,0.3614,1.1364,非核心科技
2026-07-17,BK1508,农林牧渔,饲料,畜禽饲料,183,-2.1000,1801.5300,1820.3500,1768.9800,1770.7100,2.8400,1.3300,8.4272,209,0.1300,26,3.0592,0.1991,3.1565,-20.7207,-22.3826,-17.1048,7.6348,普通轮动,普通轮动,32.9000,2.3484,5.2699,0.3573,0.7654,非核心科技
2026-07-17,BK1440,基础化工,塑料,其他塑料制品,184,-2.1200,4698.9600,4718.9800,4568.6700,4579.9200,3.2100,1.1500,14.5776,136,0.6300,-48,-3.6157,-9.6458,-10.4209,-11.4390,-19.9853,-4.4855,-5.7131,普通轮动,普通轮动,-3.6000,-7.6888,-1.5281,0.5383,0.6848,非核心科技
2026-07-17,BK1415,基础化工,化学纤维,其他化学纤维,184,-2.1200,3049.0100,3061.7000,2971.3600,2988.5100,2.9600,1.4900,8.2196,221,0.0100,37,-8.3130,-18.6171,-23.9941,-17.5638,-29.3526,-4.0880,-18.8361,普通轮动,普通轮动,4.9000,-16.8545,-6.3272,0.6819,0.6487,非核心科技
2026-07-17,BK1477,建筑装饰,专业工程,其他专业工程,186,-2.1400,3432.4300,3447.5400,3334.1300,3342.1500,3.3200,0.8900,37.8908,180,0.3700,-6,-5.9552,-10.4921,-9.4900,-17.4874,-19.3920,-0.3193,-10.5896,普通轮动,普通轮动,0.9000,-8.5348,-3.8986,0.6095,0.8295,非核心科技
2026-07-17,BK1352,纺织服饰,服装家纺,非运动服装,187,-2.1600,1985.9000,2005.2400,1940.7600,1942.2000,3.2500,0.9800,18.6211,112,0.7700,-75,-0.8818,-4.1200,-3.9083,-10.3200,-18.5824,-10.7869,0.5427,普通轮动,普通轮动,2.5000,-2.0033,1.3064,0.4309,0.7784,非核心科技
2026-07-17,BK1406,机械设备,专用设备,印刷包装机械,188,-2.1700,2122.1600,2143.4400,2079.0800,2080.1100,3.0300,1.4700,5.3417,161,0.5000,-27,-5.2924,-10.0666,-7.8052,-22.3382,-24.8600,-2.2278,-8.7249,普通轮动,普通轮动,7.6000,-8.0718,-3.1917,0.6231,0.7339,非核心科技
2026-07-17,BK1342,房地产,房地产服务,房地产综合服务,188,-2.1700,1225.8800,1252.5300,1199.2300,1199.2300,4.3500,1.5800,0.4338,52,1.2400,-136,5.7416,1.2995,-0.9879,-31.2717,-33.1978,-18.6488,2.9778,上升轮动,上升轮动,50.6000,3.5464,8.0871,0.1840,1.1684,非核心科技
2026-07-17,BK1346,房地产,房地产开发,住宅开发,188,-2.1700,1774.9200,1798.3500,1740.3700,1740.9100,3.2600,1.5100,94.9908,211,0.1200,23,-1.1316,-2.0883,-6.3552,-13.7126,-22.4853,-15.0564,-0.0879,普通轮动,普通轮动,7.5000,0.0835,1.0615,0.4789,0.9425,非核心科技
2026-07-17,BK1428,基础化工,化学制品,其他化学制品,191,-2.1800,4019.8000,4049.3800,3934.4500,3944.9500,2.8500,1.9000,75.1820,184,0.3200,-7,-7.0171,-15.0199,-12.1906,-10.3309,-19.5917,0.5234,-12.2944,普通轮动,普通轮动,-9.0000,-13.1261,-4.9449,0.6789,0.6975,非核心科技
2026-07-17,BK1382,国防军工,地面兵装Ⅱ,地面兵装Ⅲ,191,-2.1800,3140.9600,3151.8000,3069.2400,3077.2800,2.6200,1.0800,12.5923,223,-0.0100,32,-8.7830,-13.0288,-16.1826,-29.2765,-31.8851,-11.1571,-11.5613,普通轮动,普通轮动,10.1000,-11.0906,-6.7502,0.6647,0.7501,非核心科技
2026-07-17,BK1413,基础化工,化学纤维,涤纶,193,-2.2100,1529.8800,1536.9700,1491.2700,1500.5200,2.9800,1.1100,5.6165,207,0.1400,14,-0.3813,-8.0860,-5.8187,-23.2373,-26.5046,-7.1052,-2.9900,普通轮动,普通轮动,7.8000,-6.0088,1.8700,0.4107,0.5690,非核心科技
2026-07-17,BK1502,农林牧渔,林业Ⅱ,林业Ⅲ,194,-2.2400,4034.1500,4098.8500,3931.5500,3946.2600,4.1400,2.3900,3.5862,175,0.4000,-19,-1.4506,-10.8790,-8.7983,-22.5007,-30.1982,-15.7700,-4.8397,普通轮动,普通轮动,4.8000,-8.8370,0.8075,0.4433,0.4751,非核心科技
2026-07-17,BK1575,食品饮料,白酒Ⅱ,白酒Ⅲ,195,-2.2500,4158.8100,4209.8000,4073.5800,4075.0800,3.2700,0.9400,104.4408,212,0.1100,17,5.4493,1.0691,-2.2264,-16.9114,-20.5341,-19.7057,2.7864,上升轮动,上升轮动,42.6000,3.3955,7.8766,0.3217,1.2715,非核心科技
2026-07-17,BK1438,基础化工,塑料,合成树脂,196,-2.2600,8286.3600,8375.7500,8083.3300,8111.1500,3.5200,3.2300,34.3754,121,0.7100,-75,-5.3478,-10.8333,-5.9413,-5.3777,-14.7466,0.0368,-6.1204,普通轮动,普通轮动,2.8000,-8.7716,-3.1591,0.5632,0.7981,非核心科技
2026-07-17,BK1590,通信,通信设备,其他通信设备,197,-2.2700,4943.3700,4996.4800,4840.0200,4856.9100,3.1500,1.4700,12.1879,184,0.3200,-13,-8.2338,-9.8830,-13.7989,-23.5098,-26.9859,-5.4507,-11.0903,退潮,退潮,-18.9000,-7.7898,-6.1023,0.6724,0.8099,核心科技
2026-07-17,BK1526,汽车,汽车零部件,底盘与发动机系统,197,-2.2700,3925.6000,3944.7300,3837.4500,3837.7400,2.7300,1.3300,149.6456,237,-0.1000,40,-6.1551,-9.4666,-12.7030,-22.7747,-26.9686,-11.2077,-7.1709,普通轮动,普通轮动,-0.7000,-7.3638,-3.9753,0.6724,0.5721,非核心科技
2026-07-17,BK1525,汽车,汽车零部件,车身附件及饰件,199,-2.2900,4820.1200,4838.1800,4699.9800,4699.9800,2.8700,0.8700,37.9236,231,-0.0600,32,-3.8454,-7.6063,-10.3633,-21.1185,-25.8585,-13.0044,-4.2583,普通轮动,普通轮动,2.8000,-5.4409,-1.5918,0.5935,0.5918,非核心科技
2026-07-17,BK1319,电力设备,光伏设备,硅料硅片,199,-2.2900,1826.1900,1834.6900,1768.2900,1785.3200,3.6300,2.0900,16.2504,279,-0.6800,80,-10.6492,-15.0950,-11.6636,-12.1464,-22.0211,-0.5317,-12.6018,普通轮动,普通轮动,-2.1000,-13.1051,-8.5551,0.7864,0.6990,非核心科技
2026-07-17,BK1383,国防军工,航海装备Ⅱ,航海装备Ⅲ,201,-2.3000,4617.3000,4624.2800,4518.1500,4532.4300,2.2900,1.0600,39.7586,283,-0.7600,82,-6.8907,-5.0231,-8.8572,-18.9349,-26.5735,-7.9135,-4.6519,退潮,退潮,-8.6000,-2.7872,-4.6988,0.6908,0.9836,非核心科技
2026-07-17,BK1456,家用电器,其他家电Ⅱ,其他家电Ⅲ,201,-2.3000,1088.7300,1102.3000,1062.2800,1064.2200,3.6700,0.9600,0.7886,93,0.9000,-108,-0.1180,-2.1034,-6.4662,-17.8185,-22.7455,-13.3662,2.1688,普通轮动,普通轮动,10.2000,0.2013,2.2333,0.3674,0.7810,非核心科技
2026-07-17,BK1371,钢铁,冶钢原料,铁矿石,203,-2.3100,1639.0300,1652.6800,1599.5700,1606.5400,3.2300,1.1300,6.9458,205,0.1600,2,0.4644,-0.6250,-8.9486,-27.5200,-27.6312,-16.1620,1.5465,普通轮动,普通轮动,26.0000,1.7248,2.8400,0.3941,0.7569,非核心科技
2026-07-17,BK1614,有色金属,工业金属,铅锌,204,-2.3200,2284.9200,2289.9500,2220.0000,2248.7100,3.0400,1.7600,30.9300,288,-0.8400,84,-9.6113,-20.1390,-17.6611,-19.9747,-30.8004,3.3220,-20.8497,普通轮动,普通轮动,-0.7000,-18.2422,-7.4644,0.7134,0.5490,非核心科技
2026-07-17,BK1407,机械设备,自动化设备,工控设备,205,-2.3300,5534.9700,5540.7900,5389.2100,5396.0100,2.7400,1.5700,62.1889,270,-0.5600,65,-9.4613,-13.8255,-14.1055,-8.4050,-21.3692,-0.1942,-14.3304,退潮,退潮,-21.2000,-11.7697,-7.3014,0.7579,0.6305,非核心科技
2026-07-17,BK1491,交通运输,物流,端到端供应链服务,205,-2.3300,1558.6500,1582.9900,1527.8400,1527.8400,3.5300,1.8600,4.4184,150,0.5700,-55,-3.6683,-5.5015,4.3650,-10.0998,-14.0763,-5.3100,2.0025,普通轮动,普通轮动,-0.7000,-3.2472,-1.3702,0.5519,0.6776,非核心科技
2026-07-17,BK1549,商贸零售,旅游零售Ⅱ,旅游零售Ⅲ,205,-2.3300,6028.1100,6177.5000,5900.4700,5909.7900,4.5800,1.1900,15.8412,112,0.7700,-93,4.4917,-0.6776,-4.4042,-20.5250,-22.3350,-14.3020,0.1535,上升轮动,上升轮动,43.6000,1.6918,6.9844,0.2415,1.1750,非核心科技
2026-07-17,BK1551,商贸零售,一般零售,百货,208,-2.3400,1807.5400,1870.4300,1768.8800,1768.8800,5.6100,1.7500,23.3443,7,2.5500,-201,4.7063,1.1364,0.3805,-12.7387,-15.2644,-15.0591,5.2890,上升轮动,上升轮动,45.0000,3.5597,7.2151,0.1822,1.1999,非核心科技
2026-07-17,BK1624,有色金属,小金属,其他小金属,209,-2.3500,4859.1600,4885.3300,4724.8700,4765.6800,3.2900,2.7100,69.0253,250,-0.2100,41,-8.9703,-19.7424,-15.7276,-11.9395,-23.4736,8.8272,-21.0117,普通轮动,普通轮动,-4.5000,-17.8109,-6.7796,0.6914,0.6440,非核心科技
2026-07-17,BK1296,传媒,数字媒体,视频媒体,210,-2.3600,752.2100,765.2600,738.6700,738.6700,3.5100,1.7300,2.7450,86,0.9600,-124,1.5337,1.3889,-0.4831,-26.2013,-28.2498,-16.1604,3.6771,普通轮动,普通轮动,34.6000,3.8395,3.9879,0.3662,1.2395,非核心科技
2026-07-17,BK1563,社会服务,旅游及景区,自然景区,211,-2.3800,2830.1400,2865.5300,2768.7100,2773.2400,3.4100,1.7000,8.0291,190,0.2600,-21,-0.1668,-3.3601,-2.7282,-19.1235,-20.5121,-9.0399,-1.0452,普通轮动,普通轮动,12.7000,-1.0040,2.2672,0.3941,0.7945,非核心科技
2026-07-17,BK1447,计算机,软件开发,垂直应用软件,211,-2.3800,7795.4300,7866.6100,7615.3100,7618.6200,3.2200,2.3000,234.2580,132,0.6500,-79,-4.3189,-6.1768,-9.1485,-20.1423,-23.5193,-9.8649,-5.3080,普通轮动,普通轮动,9.7000,-3.8894,-1.9861,0.5769,0.8681,核心科技
2026-07-17,BK1558,社会服务,教育,学历教育,211,-2.3800,1755.8000,1795.6000,1706.2800,1708.4300,5.1000,1.4200,1.1655,38,1.4100,-173,0.7606,0.5093,-3.8393,-28.1727,-30.2218,-16.3857,3.4766,上升轮动,新晋活跃,34.1000,2.9598,3.2172,0.3341,1.1310,非核心科技
2026-07-17,BK1307,电力设备,电机Ⅱ,电机Ⅲ,214,-2.4100,2317.4200,2326.3600,2256.7800,2257.5500,3.0100,1.5200,30.4402,223,-0.0100,9,-7.3733,-12.5025,-15.2655,-17.8226,-28.5714,-11.6159,-10.7266,普通轮动,普通轮动,-2.5000,-10.3417,-5.0858,0.6837,0.4290,非核心科技
2026-07-17,BK1303,电力设备,电池,锂电池,215,-2.4200,17439.6400,17477.0400,16861.9400,17006.4600,3.5300,1.9100,224.9932,218,0.0400,3,-7.4867,-13.7703,-18.1752,-16.3641,-26.1394,-5.1069,-14.4731,普通轮动,普通轮动,-1.7000,-11.6318,-5.1924,0.6516,0.8250,非核心科技
2026-07-17,BK1545,轻工制造,造纸,特种纸,215,-2.4200,2349.3000,2354.1600,2297.3300,2299.1600,2.4100,1.8200,10.6048,264,-0.4800,49,-4.7599,-6.2445,-4.5860,-14.1939,-22.5764,-11.9144,-1.8237,退潮,退潮,-14.0000,-3.9194,-2.3979,0.6178,0.8440,非核心科技
2026-07-17,BK1422,基础化工,化学原料,无机盐,217,-2.4300,2916.0900,2927.9200,2832.4300,2844.4000,3.2800,1.4100,24.8624,216,0.0700,-1,-8.8316,-18.2478,-11.3411,-5.3368,-19.9133,13.8889,-18.5282,普通轮动,普通轮动,-6.3000,-16.2117,-6.5610,0.6748,0.5858,非核心科技
2026-07-17,BK1543,轻工制造,文娱用品,娱乐用品,218,-2.4400,2384.3200,2407.3500,2324.2100,2325.5200,3.4900,1.9100,10.1555,116,0.7300,-102,-1.3528,-4.3414,-8.9194,-26.9141,-33.7138,-21.7717,-2.3414,普通轮动,普通轮动,14.4000,-1.9490,1.1144,0.4059,0.8670,非核心科技
2026-07-17,BK1536,轻工制造,包装印刷,综合包装,219,-2.4900,1250.8400,1259.8300,1217.3100,1218.6200,3.4000,1.2000,1.8373,187,0.3100,-32,-4.6803,-9.8939,-3.0712,-17.4906,-22.4544,-7.0433,-5.0296,普通轮动,普通轮动,3.3000,-7.5930,-2.2462,0.6083,0.5094,非核心科技
2026-07-17,BK1437,基础化工,塑料,改性塑料,220,-2.5000,6552.8100,6600.1200,6395.4600,6397.7900,3.1200,1.6200,22.2699,172,0.4400,-48,-8.6105,-16.0597,-15.6921,-0.4309,-18.7383,4.6571,-14.5917,普通轮动,普通轮动,-2.1000,-13.9074,-6.2672,0.6605,0.6000,非核心科技
2026-07-17,BK1533,轻工制造,包装印刷,塑料包装,221,-2.5100,3881.3600,3900.7100,3773.2200,3780.0600,3.2900,1.2000,6.5793,216,0.0700,-5,-6.0381,-12.4662,-16.8248,-10.9665,-21.3433,-5.0940,-15.1059,普通轮动,普通轮动,-8.4000,-10.2125,-3.6190,0.6552,0.8281,非核心科技
2026-07-17,BK1555,商贸零售,专业连锁Ⅱ,专业连锁Ⅲ,221,-2.5100,1276.8700,1304.6200,1260.5300,1263.2800,3.4000,2.6800,12.0222,180,0.3700,-41,1.7666,-2.3206,-9.3031,-24.6194,-29.1875,-17.0508,-0.5044,上升轮动,上升轮动,29.3000,0.1943,4.3867,0.3157,1.1847,非核心科技
2026-07-17,BK1304,电力设备,电池,锂电专用设备,223,-2.5400,20755.3800,20931.4400,20150.7400,20240.4700,3.7600,1.5500,24.0330,136,0.6300,-87,-11.4167,-18.3373,-24.1403,-29.0831,-33.2695,-10.5491,-21.2663,普通轮动,普通轮动,-10.9000,-16.2090,-9.1080,0.7614,0.6154,非核心科技
2026-07-17,BK1294,传媒,数字媒体,门户网站,224,-2.5600,2761.4100,2822.5000,2688.1100,2689.6600,4.8700,3.2500,47.5763,9,2.2500,-215,-0.9965,-3.0077,-4.7172,-16.8243,-22.2791,-6.9742,-1.6625,上升轮动,新晋活跃,23.5000,-0.4595,1.6046,0.4095,0.8313,非核心科技
2026-07-17,BK1398,机械设备,通用设备,其他通用设备,224,-2.5600,5629.2500,5630.9800,5489.9300,5490.2500,2.5000,2.7800,97.0990,260,-0.4400,36,-7.3091,-9.3831,-8.5658,-11.9909,-19.9673,-1.9605,-8.2148,退潮,退潮,-17.6000,-7.0024,-4.8738,0.7021,0.7071,非核心科技
2026-07-17,BK1496,美容护理,个护用品,洗护用品,226,-2.5700,535.7600,542.6800,521.7500,521.7500,3.9100,1.3000,1.3429,142,0.6200,-84,2.6066,0.2136,-3.7721,-19.6988,-24.5186,-15.5919,3.9258,普通轮动,普通轮动,18.0000,2.8570,5.3131,0.2967,0.9198,非核心科技
2026-07-17,BK1528,汽车,汽车零部件,其他汽车零部件,227,-2.5900,4557.4300,4578.2200,4435.2800,4444.1300,3.1300,1.4600,47.7221,242,-0.1500,15,-5.5047,-8.2653,-11.1911,-19.8376,-25.1135,-11.4786,-6.4792,普通轮动,普通轮动,0.9000,-5.8262,-2.9922,0.6273,0.6954,非核心科技
2026-07-17,BK1416,基础化工,化学纤维,粘胶,228,-2.6300,1385.2500,1390.6300,1331.5800,1350.7100,4.2600,2.3600,3.7294,282,-0.7300,54,-3.2674,-8.2091,-11.8533,-39.6983,-42.9445,-15.8632,-3.1110,普通轮动,普通轮动,10.8000,-5.7298,-0.6546,0.5472,0.6935,非核心科技
2026-07-17,BK1343,房地产,房地产服务,物业管理,229,-2.6400,1620.4300,1648.0300,1579.5700,1579.5700,4.2200,0.8800,3.8131,63,1.1700,-166,-0.4305,-3.5767,1.0760,-17.9401,-21.5139,-12.2295,-0.9480,普通轮动,普通轮动,13.5000,-0.9621,2.2694,0.3608,0.8224,非核心科技
2026-07-17,BK1356,纺织服饰,饰品,其他饰品,230,-2.6700,568.6000,578.2700,556.5100,557.8200,3.8000,1.0700,0.5443,114,0.7600,-116,0.5601,-2.5269,0.1924,-8.8716,-18.5355,-11.4256,1.0243,普通轮动,普通轮动,31.6000,0.1471,3.3187,0.3460,0.7327,非核心科技
2026-07-17,BK1622,有色金属,能源金属,镍,231,-2.6800,4601.9700,4649.7800,4450.1600,4515.9000,4.3000,1.8100,12.9846,276,-0.6400,45,-10.0227,-18.8680,-26.6074,-42.1323,-45.0736,-13.5748,-20.9038,普通轮动,普通轮动,-0.7000,-16.6338,-7.5449,0.6985,0.6466,非核心科技
2026-07-17,BK1606,医药生物,医药商业,线下药店,232,-2.6900,3498.9900,3551.7200,3427.6600,3428.1200,3.5200,1.5600,10.2771,256,-0.3300,24,5.3195,5.1746,6.7149,-8.2321,-13.8221,-13.2422,11.2513,强势板块,强势板块,43.4000,8.0820,8.2309,0.3098,1.4031,非核心科技
2026-07-17,BK1397,机械设备,通用设备,磨具磨料,233,-2.7100,8565.5800,8634.7200,8266.3000,8288.4300,4.3200,4.1100,49.1802,266,-0.5200,33,-14.9458,-20.3746,-12.9001,-0.1955,-22.6916,10.9956,-20.4631,普通轮动,普通轮动,-2.2000,-18.1567,-12.5766,0.8202,0.5896,非核心科技
2026-07-17,BK1337,电子,消费电子,品牌消费电子,234,-2.7200,2679.2700,2710.5800,2618.0400,2618.9500,3.4400,2.9800,38.5917,237,-0.1000,3,-5.0588,-1.3664,-3.9203,-12.9860,-23.4926,-11.1521,-3.6893,退潮,退潮,-3.3000,1.3915,-2.4042,0.6255,1.0428,核心科技
2026-07-17,BK1444,计算机,IT服务Ⅱ,IT服务Ⅲ,235,-2.7300,7556.2200,7646.4000,7365.3600,7372.1400,3.7100,2.2700,344.4423,114,0.7600,-121,-5.6796,-7.6018,-10.7089,-22.3279,-27.3044,-9.5124,-7.1243,普通轮动,普通轮动,9.1000,-5.0085,-3.0323,0.5757,1.0101,核心科技
2026-07-17,BK1391,环保,环境治理,综合环境治理,236,-2.7400,1622.8800,1636.4100,1582.1500,1589.1800,3.3200,1.7400,9.9154,253,-0.2700,17,-6.5719,-9.9244,-10.9332,-12.8111,-26.7775,-11.0415,-8.4740,普通轮动,普通轮动,-0.7000,-7.3868,-3.9399,0.6588,0.7463,非核心科技
2026-07-17,BK1430,基础化工,化学制品,涂料油墨,236,-2.7400,3610.4400,3642.1700,3495.2600,3501.3100,4.0800,2.8400,27.4619,136,0.6300,-100,-7.0362,-13.7879,-10.1861,-2.6182,-17.0273,2.8250,-12.5243,普通轮动,普通轮动,-7.3000,-11.3591,-4.4172,0.6849,0.7515,非核心科技
2026-07-17,BK1537,轻工制造,家居用品,成品家居,238,-2.7500,2387.9600,2405.6200,2323.0800,2325.3900,3.4500,1.4500,10.2067,219,0.0200,-19,-3.1635,-4.8020,-0.0662,-14.6103,-19.0666,-7.3406,-2.2469,普通轮动,普通轮动,13.5000,-2.1100,-0.4252,0.5674,0.8171,非核心科技
2026-07-17,BK1350,纺织服饰,纺织制造,其他纺织,238,-2.7500,1894.0400,1908.5900,1838.0400,1842.4600,3.7200,1.2500,6.9825,169,0.4600,-69,-3.3806,-7.5102,-7.8717,-18.0093,-26.0284,-8.7550,-5.5157,普通轮动,普通轮动,-1.0000,-4.8948,-0.6484,0.4938,0.7557,非核心科技
2026-07-17,BK1405,机械设备,专用设备,其他专用设备,240,-2.7600,5346.6000,5350.0100,5197.9100,5201.6800,2.8400,1.7800,156.4663,251,-0.2200,11,-8.5156,-10.8909,-9.7434,-9.7942,-19.2575,-0.8641,-11.6099,退潮,退潮,-19.2000,-8.3617,-5.9190,0.7644,0.7005,非核心科技
2026-07-17,BK1501,农林牧渔,动物保健Ⅱ,动物保健Ⅲ,240,-2.7600,4400.5700,4432.2500,4306.4500,4307.4100,2.8400,1.0600,5.8813,255,-0.3200,15,1.0776,1.0313,4.2141,-15.3527,-16.6387,-6.4358,6.2368,普通轮动,普通轮动,27.9000,3.8989,3.9465,0.4220,0.6752,非核心科技
2026-07-17,BK1535,轻工制造,包装印刷,纸包装,242,-2.7700,1848.8000,1859.4400,1796.2700,1797.6600,3.4200,1.6800,14.1399,195,0.2300,-47,-2.4733,-6.8685,-8.4973,-19.7152,-25.1301,-7.8529,-5.3447,普通轮动,普通轮动,-1.8000,-4.2153,0.3051,0.4920,0.8322,非核心科技
2026-07-17,BK1593,通信,通信设备,通信终端及配件,242,-2.7700,3700.6400,3727.2600,3632.7800,3633.6900,2.5300,3.1500,108.4892,300,-1.2000,58,-8.0302,-9.3706,-12.0606,-15.2669,-24.9436,-5.1872,-11.1743,普通轮动,普通轮动,-0.4000,-6.7887,-5.4100,0.7039,1.0057,核心科技
2026-07-17,BK1469,建筑材料,装修建材,涂料,244,-2.7900,901.2900,910.2400,871.2600,874.1100,4.3400,0.9500,1.9975,158,0.5100,-86,-6.8013,-3.7769,-7.9843,-27.9210,-29.2739,-19.0561,1.4594,退潮,退潮,-12.2000,-1.0152,-4.1264,0.6599,0.9434,非核心科技
2026-07-17,BK1597,医药生物,生物制品,血液制品,245,-2.8200,4332.9900,4359.5500,4219.0900,4222.2600,3.2300,1.1100,8.7117,280,-0.7100,35,4.3977,2.4518,-1.3042,-17.9771,-19.2765,-19.9692,8.0828,持续主线,持续主线,58.5000,5.4248,7.4271,0.2617,1.1186,非核心科技
2026-07-17,BK1317,电力设备,光伏设备,光伏加工设备,245,-2.8200,6538.6200,6542.9200,6318.9100,6357.6600,3.4200,1.4500,29.8720,269,-0.5500,24,-14.2447,-20.0897,-18.9945,-25.1514,-33.2485,2.0700,-24.0197,退潮,退潮,-21.2000,-17.7708,-11.7563,0.8694,0.6967,非核心科技
2026-07-17,BK1583,食品饮料,休闲食品,零食,247,-2.8300,1861.1600,1890.7000,1814.3600,1814.8200,4.0900,1.9000,12.4281,136,0.6300,-111,3.4855,1.8741,2.1033,-6.4088,-14.4742,-16.6401,7.0803,上升轮动,上升轮动,40.8000,4.8411,6.4994,0.2665,1.1005,非核心科技
2026-07-17,BK1446,计算机,计算机设备,其他计算机设备,248,-2.8700,7630.2000,7665.4700,7426.3000,7434.5500,3.1200,2.3000,245.5142,242,-0.1500,-6,-7.9359,-8.6535,-11.2060,-17.0073,-27.0963,-6.1784,-9.9601,退潮,退潮,-17.5000,-5.9544,-5.2156,0.7252,1.0700,核心科技
2026-07-17,BK1306,电力设备,电池,蓄电池及其他电池,249,-2.9100,2241.7100,2241.7100,2163.4600,2170.8000,3.5000,1.6100,12.3939,228,-0.0400,-21,-5.4712,-13.1344,-14.8062,-32.3367,-33.8033,-9.8591,-11.2460,普通轮动,普通轮动,-6.7000,-10.5308,-2.6380,0.6184,0.6641,非核心科技
2026-07-17,BK1557,社会服务,教育,培训教育,250,-2.9300,4038.6700,4070.0500,3897.9400,3900.4400,4.2800,1.5700,9.0647,245,-0.1600,-5,-4.6374,-7.7124,-10.3852,-20.6039,-26.2743,-15.1357,-3.6617,普通轮动,普通轮动,-2.9000,-4.9267,-1.7589,0.6000,0.5543,非核心科技
2026-07-17,BK1566,社会服务,专业服务,检测服务,251,-2.9600,7490.3300,7507.5200,7249.0400,7265.1500,3.4500,1.7400,23.3970,234,-0.0700,-17,-7.5400,-13.0236,-12.8835,-14.8927,-21.3899,-4.2497,-11.9877,普通轮动,普通轮动,-9.8000,-10.3705,-4.7197,0.6837,0.8218,非核心科技
2026-07-17,BK1517,农林牧渔,种植业,食用菌,252,-2.9800,1260.6000,1275.8000,1225.9400,1228.6800,3.9400,2.5200,2.7416,236,-0.0900,-16,-3.7086,-8.3981,-7.7006,-30.1738,-36.9675,-21.1370,-0.3616,普通轮动,普通轮动,13.9000,-5.5845,-0.7510,0.4955,0.6634,非核心科技
2026-07-17,BK1392,机械设备,工程机械,工程机械器件,252,-2.9800,15418.5200,15418.5200,14963.5700,14989.8400,2.9400,0.7900,9.5240,287,-0.8300,35,-8.7061,-15.8105,-13.9645,-8.3263,-20.4727,0.6138,-12.1299,普通轮动,普通轮动,-2.9000,-13.2246,-5.9020,0.6801,0.4930,非核心科技
2026-07-17,BK1546,商贸零售,互联网电商,电商服务,254,-3.0000,2250.2200,2276.2700,2183.2100,2186.3900,4.1300,4.9300,13.9944,80,0.9900,-174,-2.0787,-6.9279,-3.6712,-14.4114,-26.1446,-8.2756,-3.8790,普通轮动,普通轮动,14.6000,-4.0494,0.9498,0.4831,0.8103,非核心科技
2026-07-17,BK1588,通信,通信服务,通信工程及服务,255,-3.0200,2528.0800,2549.8400,2469.0600,2469.5100,3.1700,3.5100,28.1995,231,-0.0600,-24,-6.6767,-12.2230,-13.3991,-28.7477,-33.9030,-11.3561,-10.6672,普通轮动,普通轮动,6.4000,-9.4896,-3.7705,0.6279,1.0273,核心科技
2026-07-17,BK1532,轻工制造,包装印刷,金属包装,256,-3.0300,2804.0100,2825.1000,2722.5000,2725.6100,3.6500,1.0900,6.9816,212,0.1100,-44,-3.4405,-6.4717,-7.4967,-10.6044,-21.2095,-9.9939,-5.4100,普通轮动,普通轮动,11.0000,-3.5492,-0.4233,0.5062,0.7063,非核心科技
2026-07-17,BK1510,农林牧渔,养殖业,其他养殖,257,-3.0400,770.8300,780.8400,745.1100,747.7100,4.6300,0.8200,0.7110,207,0.1400,-50,-0.9388,-3.0152,0.0267,-24.7799,-26.9376,-18.3320,5.5957,普通轮动,普通轮动,24.9000,0.0256,2.1671,0.4588,0.8339,非核心科技
2026-07-17,BK1401,机械设备,专用设备,纺织服装设备,258,-3.0500,3450.8300,3452.1700,3328.4100,3336.5900,3.6000,1.6100,9.2978,271,-0.5700,13,-8.2594,-12.7365,-15.9262,-14.7272,-24.1719,-8.4948,-14.3128,退潮,退潮,-21.6000,-9.9912,-5.3733,0.7543,0.6656,非核心科技
2026-07-17,BK1387,环保,环保设备Ⅱ,环保设备Ⅲ,259,-3.0800,3319.1300,3329.8300,3228.0700,3231.5200,3.0500,1.3900,21.2401,273,-0.5800,14,-9.1692,-15.1449,-13.0937,-14.1454,-25.0687,-3.7696,-15.1924,普通轮动,普通轮动,-10.0000,-12.4483,-6.2827,0.7448,0.7396,非核心科技
2026-07-17,BK1396,机械设备,通用设备,金属制品,260,-3.0900,5298.8600,5310.0100,5137.2000,5138.2900,3.2600,2.3800,129.6347,257,-0.3500,-3,-8.8657,-14.1531,-13.9425,-15.5820,-24.9006,-4.4711,-12.1003,普通轮动,普通轮动,-3.0000,-11.4159,-5.9598,0.7223,0.6498,非核心科技
2026-07-17,BK1529,汽车,汽车零部件,汽车电子电气系统,260,-3.0900,3570.4500,3588.3600,3458.0800,3459.3200,3.6500,1.5200,50.5417,240,-0.1400,-20,-7.4725,-10.8619,-11.8120,-20.5403,-26.9288,-7.4379,-10.1131,普通轮动,普通轮动,-0.7000,-8.0197,-4.5222,0.6944,0.6772,非核心科技
2026-07-17,BK1455,家用电器,家电零部件Ⅱ,家电零部件Ⅲ,262,-3.1100,4920.9800,4936.2500,4776.3800,4776.4800,3.2400,1.5400,54.5926,263,-0.4600,1,-7.1464,-9.7965,-9.2628,-15.3382,-22.4720,-4.9297,-9.4284,退潮,退潮,-17.9000,-6.9011,-4.1660,0.6783,0.5365,非核心科技
2026-07-17,BK1335,电子,光学光电子,面板,263,-3.1300,3184.1600,3187.9600,3089.2900,3099.9800,3.0800,2.9000,203.7699,302,-1.2200,39,-15.5222,-22.0743,-18.2380,1.9287,-24.1762,14.0734,-23.9700,普通轮动,普通轮动,-3.0000,-19.5564,-12.7927,0.8902,0.6694,核心科技
2026-07-17,BK1468,建筑材料,装修建材,其他建材Ⅲ,264,-3.1500,4488.0700,4515.0400,4340.8700,4349.6000,3.8800,1.4800,13.1178,195,0.2300,-69,-2.9033,-8.4262,-10.6699,-11.5670,-22.8052,-7.0061,-7.8390,普通轮动,普通轮动,6.2000,-5.4479,0.2547,0.4884,0.7521,非核心科技
2026-07-17,BK1341,房地产,房地产服务,房产租赁经纪,265,-3.2200,1252.0100,1273.8200,1212.5200,1215.3100,4.8800,1.8300,2.4490,190,0.2600,-75,-1.2929,-4.3380,-12.8487,-30.9806,-39.7356,-26.3072,-0.9764,普通轮动,普通轮动,10.6000,-1.1552,1.9912,0.4344,1.0604,非核心科技
2026-07-17,BK1538,轻工制造,家居用品,瓷砖地板,266,-3.2300,1354.2600,1361.6000,1309.3200,1312.9800,3.8500,1.6700,8.5055,271,-0.5700,5,-7.0050,-7.7675,-6.6231,-4.5024,-20.2014,-9.7140,-3.1679,普通轮动,普通轮动,2.8000,-4.6889,-3.9010,0.6178,0.6921,非核心科技
2026-07-17,BK1333,电子,光学光电子,LED,267,-3.2500,7056.6300,7063.2800,6818.5800,6844.9000,3.4600,2.6300,58.6962,273,-0.5800,6,-13.5282,-18.6517,-17.8701,-20.3036,-24.7348,6.2050,-22.3278,普通轮动,普通轮动,-3.8000,-15.9191,-10.6235,0.8682,0.7567,核心科技
2026-07-17,BK1305,电力设备,电池,燃料电池,268,-3.2700,261.3000,261.3000,250.6000,251.9100,4.1100,1.0500,0.3560,262,-0.4500,-6,-8.6226,-10.1131,-11.7981,-30.5600,-37.6968,-14.4949,-8.4774,普通轮动,普通轮动,7.7000,-7.0744,-5.5335,0.6036,0.5491,非核心科技
2026-07-17,BK1615,有色金属,工业金属,铜,269,-3.2800,3382.2400,3383.1000,3268.4200,3311.4800,3.3500,1.1400,145.0797,318,-2.2600,49,-7.2821,-10.8033,-20.5874,-17.1965,-26.8003,-9.8547,-10.1462,普通轮动,普通轮动,0.5000,-7.7784,-4.1379,0.6196,0.7401,非核心科技
2026-07-17,BK1564,社会服务,体育Ⅱ,体育Ⅲ,269,-3.2800,814.8800,822.2100,787.0900,788.5200,4.3100,1.6900,2.5425,169,0.4600,-100,-1.4632,-6.2260,-15.5241,-37.7548,-48.6774,-30.7606,-5.8689,普通轮动,普通轮动,11.6000,-3.0459,1.8784,0.3757,0.7693,非核心科技
2026-07-17,BK1524,汽车,汽车服务,汽车综合服务,271,-3.3000,1018.0600,1027.8500,984.5700,985.2300,4.2500,1.5600,2.6995,152,0.5500,-119,-3.7066,-9.2472,-10.5118,-6.5860,-17.4001,-5.1909,-5.2857,普通轮动,普通轮动,-1.4000,-6.1502,-0.4205,0.5187,0.6810,非核心科技
2026-07-17,BK1400,机械设备,通用设备,制冷空调设备,271,-3.3000,4208.0800,4216.7600,4080.8400,4080.8400,3.2200,1.7500,37.9596,289,-0.8600,18,-8.6487,-9.7472,-4.8696,-15.2302,-24.8470,-4.3160,-10.4488,普通轮动,普通轮动,2.0000,-6.6672,-5.5313,0.7050,0.7999,非核心科技
2026-07-17,BK1351,纺织服饰,纺织制造,印染,273,-3.3200,1514.8300,1537.7300,1482.7000,1482.7000,3.5900,1.6500,3.9188,258,-0.3900,-15,2.4527,-3.5708,-1.0298,-13.4308,-23.3211,-18.8131,6.0804,上升轮动,上升轮动,38.7000,-0.2594,5.9709,0.3240,0.7218,非核心科技
2026-07-17,BK1448,计算机,软件开发,横向通用软件,274,-3.3300,5800.0300,5882.1300,5622.2600,5625.6100,4.4700,1.9500,105.4983,92,0.9100,-182,-5.0405,-4.4221,-6.2201,-22.1598,-26.1930,-9.1845,-3.8540,普通轮动,普通轮动,6.0000,-1.1297,-1.7694,0.5015,1.0546,核心科技
2026-07-17,BK1618,有色金属,金属新材料,磁性材料,275,-3.3700,5411.6600,5411.6600,5197.7800,5227.8600,3.9500,2.1500,32.2743,295,-1.0800,20,-11.7543,-21.0318,-17.9197,-9.1649,-24.2357,6.4169,-18.3082,普通轮动,普通轮动,4.6000,-18.2778,-8.6767,0.7424,0.5461,非核心科技
2026-07-17,BK1453,家用电器,黑色家电,彩电,276,-3.3800,4287.6800,4307.5700,4167.4300,4185.3500,3.2400,1.5800,13.6266,306,-1.5600,30,-8.2537,-6.3073,-5.8238,-8.8112,-20.2378,-5.4749,-8.2747,退潮,退潮,-7.2000,-3.0297,-5.0442,0.7217,1.0223,非核心科技
2026-07-17,BK1395,机械设备,通用设备,机床工具,277,-3.4200,1729.8500,1733.0800,1673.8600,1673.8600,3.4200,1.3600,18.3822,293,-0.9000,16,-11.8475,-18.8927,-17.1803,-14.6811,-30.9613,-8.3692,-14.3353,普通轮动,普通轮动,-3.0000,-16.0206,-8.7259,0.8249,0.5656,非核心科技
2026-07-17,BK1556,社会服务,教育,教育运营及其他,278,-3.4300,733.5500,753.2400,711.9800,711.9800,5.6000,1.9100,1.4571,123,0.7000,-155,-2.7538,-4.5112,-11.0829,-48.1861,-51.6930,-21.3382,-0.7818,普通轮动,普通轮动,14.8000,-1.1196,0.7002,0.4499,0.8766,非核心科技
2026-07-17,BK1589,通信,通信服务,通信应用增值服务,278,-3.4300,4390.0400,4433.5200,4264.4100,4268.0900,3.8300,2.0700,48.3200,234,-0.0700,-44,-10.3139,-14.6046,-16.1086,-20.1271,-34.4420,-6.4616,-15.1217,普通轮动,普通轮动,-1.3000,-11.5715,-7.1284,0.7579,0.8770,核心科技
2026-07-17,BK0458,机械设备,通用设备,仪器仪表,280,-3.4500,20027.8700,20038.4600,19356.4000,19356.4000,3.4000,1.6600,105.1710,267,-0.5300,-13,-9.7305,-13.5394,-12.9030,-4.9476,-19.1550,4.8014,-15.0642,普通轮动,普通轮动,-2.5000,-10.4499,-6.5050,0.7822,0.6733,非核心科技
2026-07-17,BK1425,基础化工,化学制品,胶黏剂及胶带,281,-3.4600,2881.1400,2899.4500,2826.9500,2835.5000,2.4700,1.7100,3.0909,306,-1.5600,25,-9.7589,-14.3044,-16.8398,-14.1946,-20.6388,-1.3377,-13.4916,退潮,退潮,-22.3000,-11.2330,-6.5247,0.7525,0.5286,非核心科技
2026-07-17,BK1332,电子,电子化学品Ⅱ,电子化学品Ⅲ,282,-3.4700,3486.2800,3509.6400,3362.5800,3382.2100,4.2000,4.4700,257.4967,315,-2.0200,33,-19.8894,-25.1871,-15.3340,28.5080,-27.6446,37.5908,-27.1193,退潮,退潮,-18.8000,-22.4978,-17.0096,0.8588,0.7362,核心科技
2026-07-17,BK1604,医药生物,医疗器械,医疗耗材,283,-3.4900,4244.7100,4249.5000,4099.2600,4099.2600,3.5400,1.6700,51.9688,292,-0.8900,9,-1.8645,-4.2933,-0.5721,-12.4087,-18.1061,-7.7614,-1.3150,普通轮动,普通轮动,3.4000,-0.8324,1.6842,0.4362,0.8269,非核心科技
2026-07-17,BK1300,传媒,影视院线,院线,284,-3.5000,647.2500,655.5500,610.4100,622.0500,7.0000,9.2500,35.9460,280,-0.7100,-4,-0.0597,-0.7769,4.4930,-21.1421,-24.5284,-21.0774,4.6318,普通轮动,普通轮动,28.7000,2.8219,3.5650,0.5537,1.2051,非核心科技
2026-07-17,BK1301,传媒,游戏Ⅱ,游戏Ⅲ,285,-3.5500,1283.2700,1302.0200,1242.3800,1244.6400,4.6200,2.3400,104.1586,110,0.7800,-175,-3.8298,-3.9597,0.8793,-15.5419,-23.0512,-5.9740,-3.7558,普通轮动,普通轮动,22.3000,-0.4248,-0.2901,0.4599,0.8675,非核心科技
2026-07-17,BK1325,电子,半导体,半导体材料,286,-3.5800,14035.8000,14163.7000,13570.4900,13634.5100,4.2000,4.1900,292.8114,314,-1.9600,28,-24.4279,-22.9084,-4.2077,53.6947,-28.2690,61.3318,-26.7358,退潮,退潮,-18.8000,-20.0461,-21.6220,0.9335,0.7740,核心科技
2026-07-17,BK1473,建筑装饰,基础建设,园林工程,287,-3.5900,3362.4400,3388.6300,3224.4200,3233.8800,4.9000,2.0000,8.9095,239,-0.1300,-48,-5.5935,-8.3071,-12.1280,-22.5727,-24.8538,-10.5342,-4.0888,普通轮动,普通轮动,-3.9000,-4.8928,-2.0781,0.6006,0.7747,非核心科技
2026-07-17,BK1293,传媒,广告营销,营销代理,288,-3.6000,4134.4200,4227.9100,3987.9900,3989.7000,5.8000,6.1700,110.3601,16,1.8000,-272,-2.1202,-9.3482,-7.8789,-21.7425,-28.6680,-15.5909,-4.5933,上升轮动,新晋活跃,23.6000,-5.9628,1.5351,0.3976,0.9480,非核心科技
2026-07-17,BK1619,有色金属,金属新材料,其他金属新材料,289,-3.6100,3635.2100,3649.5700,3497.3700,3507.8000,4.1800,1.9800,44.3793,284,-0.7900,-5,-12.1907,-20.8900,-22.4765,-2.8745,-27.7115,6.8508,-21.3722,普通轮动,普通轮动,-11.5000,-17.9271,-8.9021,0.8249,0.7275,非核心科技
2026-07-17,BK1498,美容护理,化妆品,品牌化妆品,289,-3.6100,1431.0400,1453.6400,1384.1200,1384.5100,4.8400,1.8600,14.7083,226,-0.0200,-63,-0.8905,-3.3298,2.1955,-5.1444,-15.9251,-10.4293,1.9737,普通轮动,普通轮动,10.6000,0.2907,2.8213,0.4457,0.7982,非核心科技
2026-07-17,BK1607,医药生物,医药商业,医药流通,291,-3.6200,2066.8800,2095.6400,2007.6500,2008.1000,4.2200,2.2000,36.9495,286,-0.8000,-5,5.3475,5.9171,6.5653,-13.7096,-16.2973,-12.8392,10.8182,强势板块,强势板块,46.2000,9.8954,9.3043,0.2718,1.5213,非核心科技
2026-07-17,BK1297,传媒,数字媒体,图片媒体,291,-3.6200,2938.2800,2978.8100,2816.7000,2831.8900,5.5200,2.5900,2.9880,90,0.9200,-201,-8.7454,-17.7029,-16.6981,-18.6232,-33.1403,-3.5694,-16.6649,普通轮动,普通轮动,5.1000,-14.6119,-5.3179,0.6012,0.6623,非核心科技
2026-07-17,BK1465,建筑材料,装修建材,防水材料,293,-3.6400,6849.8700,6893.5900,6582.4200,6617.5000,4.5300,1.6700,4.9496,290,-0.8700,-3,-11.7594,-18.2197,-26.4473,-13.5772,-36.8738,-14.8145,-16.8820,普通轮动,普通轮动,-3.7000,-15.1304,-8.4261,0.7923,0.7725,非核心科技
2026-07-17,BK1601,医药生物,医疗服务,医院,294,-3.6700,6187.9600,6266.9000,6007.3600,6007.8000,4.1600,1.9100,36.6105,284,-0.7900,-10,0.9581,-2.4805,-0.0371,-17.0105,-23.6772,-15.1833,1.8151,上升轮动,上升轮动,37.6000,1.2348,4.8044,0.3169,1.0186,非核心科技
2026-07-17,BK1497,美容护理,化妆品,化妆品制造及其他,295,-3.7700,2275.8000,2300.2200,2198.2800,2203.3600,4.4500,1.3900,3.0011,190,0.2600,-105,-1.3874,-5.2544,-5.5859,-12.3462,-24.0869,-16.7096,-1.4134,普通轮动,普通轮动,13.2000,-1.5426,2.4759,0.4077,1.0042,非核心科技
2026-07-17,BK1322,电力设备,其他电源设备Ⅱ,其他电源设备Ⅲ,296,-3.8400,8671.0800,8684.3000,8324.6800,8360.0900,4.1400,1.6000,91.7157,309,-1.6200,13,-13.2326,-14.3481,-19.3428,-15.7782,-29.2888,-3.5753,-19.1408,退潮,退潮,-22.7000,-10.9277,-9.7677,0.8499,0.9299,非核心科技
2026-07-17,BK1386,国防军工,军工电子Ⅱ,军工电子Ⅲ,297,-3.8900,6286.4900,6293.9100,6062.6700,6067.4900,3.6600,1.8000,151.2224,299,-1.1700,2,-15.5912,-18.0937,-16.2368,-22.2817,-28.6414,1.9832,-19.2289,退潮,退潮,-15.2000,-14.7786,-12.1748,0.7745,0.8939,非核心科技
2026-07-17,BK1608,医药生物,中药Ⅱ,中药Ⅲ,297,-3.8900,1361.0800,1377.2700,1319.1500,1319.6000,4.2300,2.2200,157.8700,298,-1.1200,1,2.8395,2.2009,7.3109,-5.5558,-10.2141,-10.2928,7.6710,强势板块,强势板块,35.7000,6.3374,7.0019,0.3970,1.6844,非核心科技
2026-07-17,BK1326,电子,半导体,半导体设备,297,-3.8900,53510.4200,53547.5000,51030.5500,51577.9800,4.6900,2.3800,419.4989,325,-2.5600,28,-24.5900,-16.8608,2.1387,52.3138,-26.3319,57.2032,-26.3319,退潮,退潮,-11.8000,-13.4958,-21.5379,0.9312,1.0331,核心科技
2026-07-17,BK1603,医药生物,医疗器械,体外诊断,300,-3.9400,3316.7900,3340.2300,3195.0700,3195.0700,4.3600,1.3100,37.7108,260,-0.4400,-40,1.4383,-1.6379,2.9245,-13.4971,-21.5191,-11.9537,2.2368,上升轮动,上升轮动,39.3000,2.3965,5.5988,0.2825,0.8408,非核心科技
2026-07-17,BK1445,计算机,计算机设备,安防设备,301,-3.9800,4874.3600,4908.6700,4724.9100,4726.1900,3.7300,0.9500,37.7588,297,-1.1100,-4,-9.7791,-10.5325,-9.8071,-15.9495,-24.2987,-2.7508,-11.1476,退潮,退潮,-18.2000,-6.8241,-6.0395,0.7519,0.7976,核心科技
2026-07-17,BK1329,电子,半导体,集成电路制造,302,-4.0600,4243.2100,4332.6300,4107.8100,4110.2900,5.2500,2.2600,211.7265,312,-1.8100,10,-24.4111,-14.5025,-2.6002,39.4042,-24.4111,19.3459,-21.4397,退潮,退潮,-6.0000,-10.8844,-21.2123,0.8819,0.8904,核心科技
2026-07-17,BK1598,医药生物,生物制品,疫苗,303,-4.0700,3867.1800,3882.8500,3736.3600,3750.7100,3.7500,1.8900,26.2143,316,-2.0500,13,0.1162,-3.7220,4.8127,-10.1654,-21.0223,-4.7368,-2.2146,普通轮动,普通轮动,32.1000,0.3628,4.3638,0.3323,1.2449,非核心科技
2026-07-17,BK1410,机械设备,自动化设备,其他自动化设备,304,-4.0800,6618.1200,6633.6200,6338.7500,6366.8400,4.4400,1.6800,47.5323,305,-1.4200,1,-14.3225,-19.5971,-21.2257,-14.6790,-25.7272,-0.9796,-20.5905,普通轮动,普通轮动,-3.8000,-16.1772,-10.6781,0.8706,0.7323,非核心科技
2026-07-17,BK1454,家用电器,黑色家电,其他黑色家电,305,-4.0900,2607.6400,2627.3900,2514.5100,2514.8200,4.3100,1.7800,5.4787,267,-0.5300,-38,-8.1848,-13.7775,-10.3327,-19.7218,-29.8807,-7.6363,-14.0482,普通轮动,普通轮动,-1.2000,-10.1006,-4.2695,0.6499,0.9294,非核心科技
2026-07-17,BK1299,传媒,影视院线,影视动漫制作,306,-4.1000,3335.3300,3390.0200,3194.7700,3195.4500,5.8600,3.6300,43.8021,204,0.1700,-102,-5.7559,-6.6706,-9.0367,-25.2892,-30.1999,-23.4997,-3.0492,退潮,退潮,-7.2000,-2.6805,-1.7267,0.5312,1.0618,非核心科技
2026-07-17,BK1295,传媒,数字媒体,其他数字媒体,307,-4.2500,963.8700,995.8000,919.8100,931.9400,7.8100,8.4900,8.3292,231,-0.0600,-76,-7.2954,-13.6632,-17.0670,18.5278,-30.2054,-0.0804,-9.3781,普通轮动,普通轮动,8.3000,-9.8311,-3.1806,0.5709,0.5649,非核心科技
2026-07-17,BK1478,建筑装饰,装修装饰Ⅱ,装修装饰Ⅲ,308,-4.2600,813.0000,815.1000,782.5100,782.8300,3.9900,1.3500,12.5418,296,-1.0900,-12,-7.8819,-11.0862,-7.4297,-10.6935,-25.5227,-8.3502,-8.9110,普通轮动,普通轮动,-0.4000,-7.1299,-3.7830,0.6588,1.0062,非核心科技
2026-07-17,BK1500,美容护理,医疗美容,医美耗材,309,-4.3300,1426.2600,1485.5100,1385.0400,1387.1200,6.9300,1.6800,10.1218,153,0.5400,-156,4.5385,0.3922,4.8205,-14.7264,-20.0521,-9.9228,2.5423,普通轮动,普通轮动,39.2000,4.9359,9.2699,0.3680,1.6515,非核心科技
2026-07-17,BK1616,有色金属,贵金属,白银,310,-4.4500,3634.5000,3634.5000,3459.8300,3519.5400,4.7400,2.3900,18.4741,326,-2.6600,16,-12.8396,-19.3121,-25.8744,-42.9759,-48.1635,-19.8530,-15.9517,普通轮动,普通轮动,-4.7000,-15.5543,-8.7804,0.6368,0.4650,非核心科技
2026-07-17,BK1605,医药生物,医疗器械,医疗设备,311,-4.4800,5721.2700,5741.8200,5489.4300,5489.4900,4.3900,1.8400,66.2077,294,-0.9800,-17,-3.1023,-6.5245,-3.5129,-16.3267,-22.8895,-10.7841,-3.1300,普通轮动,普通轮动,3.6000,-2.1403,1.4423,0.4243,0.8814,非核心科技
2026-07-17,BK1617,有色金属,贵金属,黄金,312,-4.5400,5099.9300,5100.0700,4866.3900,4953.3000,4.5000,1.8800,76.2865,332,-3.1900,20,-11.1945,-9.3461,-18.8137,-33.6525,-38.9868,-17.9427,-5.5295,退潮,退潮,-9.9000,-5.0347,-6.9710,0.6030,0.5961,非核心科技
2026-07-17,BK1338,电子,消费电子,消费电子零部件及组装,313,-4.6900,13064.2300,13075.6300,12508.0700,12523.9200,4.3200,1.7800,440.3617,303,-1.3700,-10,-14.4150,-16.9749,-18.0991,-8.5191,-24.5959,0.7157,-20.7502,普通轮动,普通轮动,-3.8000,-12.8894,-10.2035,0.8433,0.7980,核心科技
2026-07-17,BK1408,机械设备,自动化设备,机器人,313,-4.6900,10162.6700,10207.4000,9707.8100,9707.8100,4.9000,2.7700,92.6126,310,-1.6400,-3,-12.2159,-15.0243,-7.1419,13.6091,-20.8792,7.9872,-11.8742,退潮,退潮,-20.7000,-10.8428,-7.8962,0.7899,0.5123,非核心科技
2026-07-17,BK1625,有色金属,小金属,钨,315,-4.9000,8578.4700,8619.4500,8098.1000,8175.3100,6.0600,2.1800,46.2156,321,-2.3400,6,-14.6224,-33.8860,-26.4922,-3.5590,-41.2027,39.8280,-33.0625,普通轮动,普通轮动,8.1000,-30.4795,-10.2233,0.6653,0.6324,非核心科技
2026-07-17,BK1462,建筑材料,玻璃玻纤,玻纤制造,316,-5.0400,16582.6500,16635.7000,15694.7500,15788.5300,5.6600,2.8500,117.8541,333,-3.2400,17,-16.4671,-25.4184,-26.8487,29.2474,-37.1473,32.1855,-31.9401,普通轮动,普通轮动,3.8000,-21.4600,-12.0336,0.7769,0.7045,非核心科技
2026-07-17,BK1336,电子,其他电子Ⅱ,其他电子Ⅲ,317,-5.1400,14574.4600,14600.8800,13842.9100,13881.0400,5.1800,2.8800,132.9585,317,-2.1100,0,-18.1362,-20.0970,-19.6879,-8.0037,-25.8192,6.7047,-24.3037,普通轮动,普通轮动,-3.0000,-15.7674,-13.7004,0.8902,0.8687,核心科技
2026-07-17,BK1385,国防军工,航天装备Ⅱ,航天装备Ⅲ,317,-5.1400,4962.4600,4968.2000,4745.7400,4750.6000,4.4400,2.0400,63.1184,319,-2.2900,2,-14.4576,-15.7499,-12.5452,-23.2161,-37.6369,-3.2715,-15.5387,退潮,退潮,-13.6000,-11.1848,-9.8225,0.7306,1.2923,非核心科技
2026-07-17,BK1584,食品饮料,休闲食品,熟食,317,-5.1400,2004.2500,2020.4600,1910.9500,1911.5900,5.4300,1.0700,1.7829,259,-0.4300,-58,-3.3765,-5.7336,-6.6432,-13.6843,-24.6124,-19.2136,-1.7778,普通轮动,普通轮动,15.9000,-0.6258,1.8590,0.4736,0.7918,非核心科技
2026-07-17,BK1339,电子,元件,被动元件,320,-5.1500,12829.8500,12890.5500,12183.1000,12244.4200,5.4800,3.6300,152.8038,324,-2.5300,4,-20.1192,-27.9075,-23.9264,40.4540,-33.4545,28.6683,-32.7823,普通轮动,普通轮动,3.8000,-23.9931,-15.7819,0.7893,0.7384,核心科技
2026-07-17,BK1599,医药生物,医疗服务,其他医疗服务,321,-5.5200,4112.7600,4132.4200,3924.5000,3930.6600,5.0000,4.5300,8.3558,311,-1.7300,-10,-1.7378,-5.1356,-2.0909,-22.2210,-29.2419,-21.1631,0.3401,普通轮动,普通轮动,24.2000,0.4069,4.0031,0.3668,1.3656,非核心科技
2026-07-17,BK1409,机械设备,自动化设备,激光设备,321,-5.5200,17861.8800,17948.3600,16832.6700,16923.2100,6.2300,3.5600,123.2887,329,-2.8600,8,-19.4807,-22.8566,-22.1391,3.1497,-32.0739,18.5081,-31.3173,普通轮动,普通轮动,-2.7000,-18.3495,-14.7764,0.8196,1.0598,非核心科技
2026-07-17,BK1328,电子,半导体,集成电路封测,323,-5.5300,9289.6100,9332.3000,8810.2800,8857.5500,5.5700,7.7100,325.3108,331,-2.9800,8,-23.7864,-19.2791,-4.1698,32.0098,-24.2103,29.6567,-24.2103,退潮,退潮,-12.8000,-14.5539,-19.3251,0.9371,1.1671,核心科技
2026-07-17,BK1334,电子,光学光电子,光学元件,324,-5.6600,15786.4500,15797.3300,14932.2800,14987.2000,5.4500,2.3600,98.6313,327,-2.7600,3,-19.5884,-25.2849,-21.7390,-6.3709,-28.6832,14.6312,-28.6832,普通轮动,普通轮动,-3.8000,-20.8023,-14.7640,0.8510,0.7358,核心科技
2026-07-17,BK1595,医药生物,化学制药,原料药,325,-5.9100,3840.4100,3853.1600,3644.8500,3644.9300,5.3800,2.6900,96.1165,313,-1.8500,-12,-1.0550,-5.7266,6.1954,-7.8581,-16.1325,-5.3103,-0.4208,上升轮动,上升轮动,39.0000,0.1950,5.1600,0.3122,0.8993,非核心科技
2026-07-17,BK1330,电子,半导体,模拟芯片设计,326,-6.1400,6673.5600,6695.4500,6298.5600,6302.3000,5.9100,2.4100,125.8707,308,-1.6100,-18,-20.9071,-19.9597,-9.6277,9.8834,-23.2091,18.1762,-23.2091,普通轮动,普通轮动,-3.0000,-14.7237,-15.7332,0.9228,0.8147,核心科技
2026-07-17,BK1298,传媒,数字媒体,文字媒体,327,-6.1500,2407.9200,2439.2600,2226.2200,2234.2800,8.9500,5.0200,11.7490,46,1.3300,-281,-9.1624,-13.1274,-4.6022,-23.3128,-34.6428,-12.0998,-10.7332,普通轮动,普通轮动,22.5000,-7.4346,-3.2099,0.4944,0.9760,非核心科技
2026-07-17,BK1594,医药生物,化学制药,化学制剂,328,-6.3000,3999.8500,4024.1500,3786.2000,3786.5700,5.8900,3.6800,432.6109,322,-2.3600,-6,-0.0655,-2.8280,12.1018,-10.4473,-15.9020,-8.6991,4.2834,持续主线,持续主线,58.4000,3.7055,6.6537,0.2682,0.9332,非核心科技
2026-07-17,BK1592,通信,通信设备,通信线缆及配套,329,-6.4200,23404.3700,23568.9100,22017.0500,22093.1500,6.5700,4.4400,228.9914,334,-3.2800,5,-19.6034,-23.9646,-31.2298,-7.3705,-40.4467,6.9329,-33.3349,普通轮动,普通轮动,4.6000,-18.7482,-14.0878,0.7852,0.8313,核心科技
2026-07-17,BK1327,电子,半导体,分立器件,330,-6.4400,16878.9800,16911.7100,15842.7400,15874.7400,6.3000,3.5500,212.4842,327,-2.7600,-3,-23.5566,-22.5762,-10.1237,13.0707,-29.2270,24.1987,-29.2270,退潮,退潮,-19.6000,-17.2469,-18.2947,0.9134,0.8957,核心科技
2026-07-17,BK1340,电子,元件,印制电路板,331,-6.4500,11497.3700,11509.1300,10840.1700,10879.6800,5.7500,4.3000,754.8763,336,-4.3700,5,-20.5997,-22.9791,-25.4105,13.5685,-31.5940,17.3963,-29.7915,普通轮动,普通轮动,3.8000,-17.6688,-15.1253,0.7828,0.9480,核心科技
2026-07-17,BK1602,医药生物,医疗服务,诊断服务,332,-6.4800,5496.7200,5508.7600,5178.6100,5179.8300,5.9600,3.7500,14.8575,323,-2.4100,-9,2.6935,-2.0851,7.5802,-6.0755,-20.9528,-8.8580,3.1122,上升轮动,上升轮动,50.5000,4.6994,9.8091,0.2914,1.6955,非核心科技
2026-07-17,BK1591,通信,通信设备,通信网络设备及器件,333,-6.5800,13828.9500,13828.9500,12991.0000,13052.3500,6.0000,4.0100,1013.1982,335,-4.1200,2,-18.3869,-18.1830,-21.1975,-11.5635,-28.0392,2.0454,-23.6124,退潮,退潮,-22.0000,-12.4203,-12.6385,0.8528,0.9668,核心科技
2026-07-17,BK1596,医药生物,生物制品,其他生物制品,334,-6.8900,7974.1300,7979.4300,7485.9600,7486.4200,6.1400,2.1900,95.9861,330,-2.8800,-4,-2.3240,-4.9435,14.7727,-12.8279,-18.1076,-3.2116,-0.1459,持续主线,持续主线,53.9000,2.0905,4.9039,0.2866,0.8804,非核心科技
2026-07-17,BK1331,电子,半导体,数字芯片设计,335,-6.9500,27251.5700,27299.2200,25529.7000,25549.0200,6.4400,3.2900,1155.3928,320,-2.3000,-15,-23.8821,-20.8744,-7.3668,9.6605,-25.7802,20.9332,-25.7802,退潮,退潮,-21.2000,-14.9644,-18.1968,0.9389,0.8197,核心科技
2026-07-17,BK1355,纺织服饰,服装家纺,运动服装,336,-7.9500,3047.8600,3107.9300,2814.2000,2817.0600,9.6000,5.9700,15.4840,174,0.4100,-162,-7.4242,-10.3887,0.6224,-6.4824,-22.5644,-1.1933,-7.0890,普通轮动,普通轮动,14.5000,-2.6493,0.5712,0.4730,0.7664,非核心科技
2026-07-17,BK1600,医药生物,医疗服务,医疗研发外包,337,-10.5800,7976.3500,7976.3800,7319.7100,7321.7000,8.0200,5.3400,247.3120,337,-5.8200,0,-1.9302,-3.8725,26.4968,0.8974,-15.7842,7.4148,-3.3870,上升轮动,上升轮动,53.7000,7.5011,9.6732,0.2754,1.1610,非核心科技
